aac(6')-Ib_2	aminoglycoside
aac(6')-Ib11_1	aminoglycoside
aac(6')-30-aac(6')-Ib'_1	aminoglycoside
aac(6')-Iaj_1	aminoglycoside
aac(6')-Ian_1	aminoglycoside
aac(6')-Iak_1	aminoglycoside
aac(6')-Ib-Hangzhou_1	aminoglycoside
aac(6')-Ib-Suzhou_1	aminoglycoside
aac(6')-Iid_1	aminoglycoside
aac(6')-Iih_1	aminoglycoside
aac(6')-Iz_2	aminoglycoside
aac(6')-29b_1	aminoglycoside
aac(6')-29a_1	aminoglycoside
aac(6')-Iaa_1	aminoglycoside
aac(6')-Ih_2	aminoglycoside
aac(6')-Ix_1	aminoglycoside
aac(6')-Il_1	aminoglycoside
aac(6')-Ia_2	aminoglycoside
aac(6')-Iag_1	aminoglycoside
aac(2')-IIa_1	aminoglycoside
kamB_1	aminoglycoside
grmO_1	aminoglycoside
fmrO_1	aminoglycoside
grmB_1	aminoglycoside
grmA_1	aminoglycoside
kgmB_1	aminoglycoside
sgm_1	aminoglycoside
aph(3')-VI_2	aminoglycoside
aph(3')-IX_1	aminoglycoside
ant(6)-Ia_5	aminoglycoside
aadA13_2	aminoglycoside
aadA11_2	aminoglycoside
aadA10_2	aminoglycoside
aadA7_2	aminoglycoside
aadA2_1	aminoglycoside
aadD_2	aminoglycoside
aph(2'')-Ib_2	aminoglycoside
aph(7'')-Ia_1	aminoglycoside
aph(9)-Ia_2	aminoglycoside
aph(6)-Ia_2	aminoglycoside
aph(6)-Id_1	aminoglycoside
aph(6)-Id_3	aminoglycoside
aph(6)-Id_4	aminoglycoside
aph(6)-Id_5	aminoglycoside
aph(3'')-Ia_2	aminoglycoside
aph(3'')-Ia_3	aminoglycoside
aph(3'')-Ib_1	aminoglycoside
aph(3'')-Ib_3	aminoglycoside
aph(3'')-Ib_4	aminoglycoside
aadE-Cc_1	aminoglycoside
ant(2'')-Ia_2	aminoglycoside
ant(2'')-Ia_3	aminoglycoside
ant(2'')-Ia_4	aminoglycoside
ant(2'')-Ia_5	aminoglycoside
ant(2'')-Ia_6	aminoglycoside
ant(2'')-Ia_7	aminoglycoside
ant(2'')-Ia_8	aminoglycoside
ant(2'')-Ia_9	aminoglycoside
ant(2'')-Ia_10	aminoglycoside
ant(2'')-Ia_11	aminoglycoside
ant(2'')-Ia_12	aminoglycoside
ant(2'')-Ia_13	aminoglycoside
ant(2'')-Ia_14	aminoglycoside
ant(2'')-Ia_15	aminoglycoside
ant(2'')-Ia_16	aminoglycoside
ant(2'')-Ia_17	aminoglycoside
ant(2'')-Ia_19	aminoglycoside
ant(2'')-Ia_20	aminoglycoside
ant(2'')-Ia_1	aminoglycoside
aph(3')-VI_1	aminoglycoside
aph(3')-XV_2	aminoglycoside
aph(3')-XV_3	aminoglycoside
aph(3')-IIIa_1	aminoglycoside
aph(3')-IIIa_2	aminoglycoside
aph(3')-IIIa_3	aminoglycoside
aph(3')-Va_2	aminoglycoside
aph(3')-Vb_2	aminoglycoside
aph(3')-IIa_2	aminoglycoside
aph(3')-IIb_2	aminoglycoside
aph(3')-Ia_2	aminoglycoside
aph(3')-Ia_3	aminoglycoside
aph(3')-Ia_4	aminoglycoside
aph(3')-Ia_5	aminoglycoside
aph(3')-Ia_6	aminoglycoside
aph(3')-Ia_7	aminoglycoside
aph(3')-Ia_8	aminoglycoside
aph(3')-Ia_9	aminoglycoside
aph(3')-Ia_10	aminoglycoside
aph(2'')-Ih_1	aminoglycoside
aph(2'')-Ig_1	aminoglycoside
aph(2'')-If_1	aminoglycoside
aph(2'')-If_2	aminoglycoside
aph(2'')-Ia_2	aminoglycoside
aph(2'')-Ia_3	aminoglycoside
aph(2'')-Ib_3	aminoglycoside
ant(6)-Ia_3	aminoglycoside
aac(2')-Ia_1	aminoglycoside
aac(2')-Ib_1	aminoglycoside
aac(2')-Ic_1	aminoglycoside
aac(2')-Id_1	aminoglycoside
aac(2')-Ie_1	aminoglycoside
aac(3)-I_1	aminoglycoside
aac(3)-Ia_1	aminoglycoside
aac(3)-Ib_1	aminoglycoside
aac(3)-Ib-aac(6')-Ib'_1	aminoglycoside
aac(3)-Ic_1	aminoglycoside
aac(3)-Id_1	aminoglycoside
aac(3)-If_1	aminoglycoside
aac(3)-Ig_1	aminoglycoside
aac(3)-Ih_1	aminoglycoside
aac(3)-Ii_1	aminoglycoside
aac(3)-IIa_1	aminoglycoside
aac(3)-IIb_1	aminoglycoside
aac(3)-IIc_1	aminoglycoside
aac(3)-IId_1	aminoglycoside
aac(3)-IIe_1	aminoglycoside
aac(3)-IIIa_1	aminoglycoside
aac(3)-IIIb_1	aminoglycoside
aac(3)-IIIc_1	aminoglycoside
aac(3)-IVa_1	aminoglycoside
aac(3)-VIa_1	aminoglycoside
aac(3)-VIIa_1	aminoglycoside
aac(3)-VIIIa_1	aminoglycoside
aac(3)-IXa_1	aminoglycoside
aac(3)-Xa_1	aminoglycoside
aac(6')-Ia_1	aminoglycoside
aac(6')-Ib_1	aminoglycoside
aac(6')-Ic_1	aminoglycoside
aac(6')-If_1	aminoglycoside
aac(6')-Ig_1	aminoglycoside
aac(6')-Ih_1	aminoglycoside
aac(6')-Ij_1	aminoglycoside
aac(6')-Ik_1	aminoglycoside
aac(6')-Ip_1	aminoglycoside
aac(6')-Im_1	aminoglycoside
aac(6')-Iq_1	aminoglycoside
aac(6')-Ir_1	aminoglycoside
aac(6')-Is_1	aminoglycoside
aac(6')-It_1	aminoglycoside
aac(6')-Iu_1	aminoglycoside
aac(6')-Iv_1	aminoglycoside
aac(6')-Iw_1	aminoglycoside
aac(6')-Iz_1	aminoglycoside
aac(6')-Iad_1	aminoglycoside
aac(6')-Iae_1	aminoglycoside
aac(6')-Iaf_1	aminoglycoside
aac(6')-Iai_1	aminoglycoside
aac(6')-I30_1	aminoglycoside
aac(6')-31_1	aminoglycoside
aac(6')-32_1	aminoglycoside
aac(6')-33_1	aminoglycoside
aac(6')-IIa_1	aminoglycoside
aac(6')-IIb_1	aminoglycoside
aac(6')-IIc_1	aminoglycoside
aac(6')-aph(2'')_1	aminoglycoside
aac(6')-Isa_1	aminoglycoside
aac(6')-Ib3_1	aminoglycoside
aacA43_1	aminoglycoside
ant(3'')-Ia_1	aminoglycoside
aadA1_2	aminoglycoside
aadA1_3	aminoglycoside
aadA1b_1	aminoglycoside
aadA1_4	aminoglycoside
aadA1_5	aminoglycoside
aadA2_2	aminoglycoside
aadA3_1	aminoglycoside
aadA4_1	aminoglycoside
aadA5_1	aminoglycoside
aadA6_1	aminoglycoside
aadA7_1	aminoglycoside
aadA8_1	aminoglycoside
aadA8b_2	aminoglycoside
aadA9_1	aminoglycoside
aadA10_1	aminoglycoside
aadA11_1	aminoglycoside
aadA12_1	aminoglycoside
aadA13_1	aminoglycoside
aadA14_1	aminoglycoside
aadA15_1	aminoglycoside
aadA16_1	aminoglycoside
aadA17_1	aminoglycoside
aadA21_1	aminoglycoside
aadA22_1	aminoglycoside
aadA23_1	aminoglycoside
aadA24_1	aminoglycoside
ant(6)-Ia_2	aminoglycoside
aadD_1	aminoglycoside
aadK_1	aminoglycoside
ant(3'')-Ii-aac(6')-IId_1	aminoglycoside
ant(4')-Ib_1	aminoglycoside
ant(4')-IIa_1	aminoglycoside
ant(4')-IIb_1	aminoglycoside
ant(6)-Ia_1	aminoglycoside
ant(6)-Ib_1	aminoglycoside
aph(2'')-Ib_1	aminoglycoside
aph(2'')-Ic_1	aminoglycoside
aph(2'')-Id_1	aminoglycoside
aph(2'')-Ie_1	aminoglycoside
aph(3')-Ia_1	aminoglycoside
aph(3')-Ib_1	aminoglycoside
aph(3'')-Ic_1	aminoglycoside
aph(3')-Id_1	aminoglycoside
aph(3')-IIa_1	aminoglycoside
aph(3')-IIb_1	aminoglycoside
aph(3')-IIc_1	aminoglycoside
aph(3')-III_1	aminoglycoside
aph(3')-IV_1	aminoglycoside
aph(3')-Va_1	aminoglycoside
aph(3')-Vb_1	aminoglycoside
aph(3')-Vc_1	aminoglycoside
aph(3')-VIa_1	aminoglycoside
aph(3')-VIb_1	aminoglycoside
aph(3')-VIIa_1	aminoglycoside
aph(3')-VIII_1	aminoglycoside
aph(3')-XV_1	aminoglycoside
aph(3'')-Ia_1	aminoglycoside
aph(4)-Ia_1	aminoglycoside
aph(6)-Ia_1	aminoglycoside
aph(6)-Ib_1	aminoglycoside
aph(6)-Ic_1	aminoglycoside
aph(9)-Ia_1	aminoglycoside
aph(9)-Ib_1	aminoglycoside
rmtB2_1	aminoglycoside
rmtF_1	aminoglycoside
rmtG_1	aminoglycoside
rmtH_1	aminoglycoside
armA_1	aminoglycoside
npmA_1	aminoglycoside
rmtA_1	aminoglycoside
rmtB_1	aminoglycoside
rmtC_1	aminoglycoside
rmtD_1	aminoglycoside
rmtD2_1	aminoglycoside
rmtE_1	aminoglycoside
ant(9)-Ia_1	aminoglycoside
aac(6')-Ib-cr_1	aminoglycoside
aac(6')-Ib-cr_2	aminoglycoside
aph(3'')-Ib_2	aminoglycoside
aph(3'')-Ib_5	aminoglycoside
aph(6)-Id_2	aminoglycoside
str_1	aminoglycoside
str_2	aminoglycoside
str_3	aminoglycoside
aac(3)-IIIb_2	aminoglycoside
aac(3)-IIa_2	aminoglycoside
aac(3)-IIa_3	aminoglycoside
aac(3)-IIa_4	aminoglycoside
aac(3)-IIa_5	aminoglycoside
aac(3)-IV_1	aminoglycoside
aac(3)-VIa_2	aminoglycoside
aph(3')-Ib_2	aminoglycoside
ant(9)-Ia_2	aminoglycoside
aadA24_2	aminoglycoside
aadA8b_1	aminoglycoside
aadA2b_1	aminoglycoside
aac(6')-Ii_1	aminoglycoside
aac(3)-XI_1	aminoglycoside
aac(3)-VIII_1	aminoglycoside
aac(3)-VIII_2	aminoglycoside
aac(3)-VIII_3	aminoglycoside
kmr_1	aminoglycoside
blaNDM-19_1	beta-lactam
blaNDM-20_1	beta-lactam
blaNDM-21_1	beta-lactam
blaOXA-368_1	beta-lactam
blaOXA-336_1	beta-lactam
blaOXA-337_1	beta-lactam
blaOXA-338_1	beta-lactam
blaOXA-339_1	beta-lactam
blaOXA-340_1	beta-lactam
blaOXA-341_1	beta-lactam
blaOXA-342_1	beta-lactam
blaOXA-343_1	beta-lactam
blaOXA-344_1	beta-lactam
blaOXA-345_1	beta-lactam
blaOXA-346_1	beta-lactam
blaOXA-347_1	beta-lactam
blaOXA-361_1	beta-lactam
blaOXA-362_1	beta-lactam
blaOXA-363_1	beta-lactam
blaOXA-364_1	beta-lactam
blaOXA-365_1	beta-lactam
blaOXA-366_1	beta-lactam
blaOXA-370_1	beta-lactam
blaOXA-373_1	beta-lactam
blaOXA-374_1	beta-lactam
blaOXA-375_1	beta-lactam
blaOXA-376_1	beta-lactam
blaOXA-377_1	beta-lactam
blaOXA-378_1	beta-lactam
blaOXA-379_1	beta-lactam
blaOXA-380_1	beta-lactam
blaOXA-381_1	beta-lactam
blaOXA-382_1	beta-lactam
blaOXA-383_1	beta-lactam
blaOXA-384_1	beta-lactam
blaOXA-385_1	beta-lactam
blaOXA-386_1	beta-lactam
blaOXA-387_1	beta-lactam
blaOXA-388_1	beta-lactam
blaOXA-389_1	beta-lactam
blaOXA-390_1	beta-lactam
blaOXA-391_1	beta-lactam
blaOXA-392_1	beta-lactam
blaOXA-395_1	beta-lactam
blaOXA-396_1	beta-lactam
blaOXA-397_1	beta-lactam
blaOXA-398_1	beta-lactam
blaOXA-400_1	beta-lactam
blaOXA-401_1	beta-lactam
blaOXA-402_1	beta-lactam
blaOXA-403_1	beta-lactam
blaOXA-404_1	beta-lactam
blaOXA-405_1	beta-lactam
blaOXA-406_1	beta-lactam
blaOXA-407_1	beta-lactam
blaOXA-408_1	beta-lactam
blaOXA-409_1	beta-lactam
blaOXA-410_1	beta-lactam
blaOXA-411_1	beta-lactam
blaOXA-412_1	beta-lactam
blaOXA-413_1	beta-lactam
blaOXA-414_1	beta-lactam
blaOXA-415_1	beta-lactam
blaOXA-416_1	beta-lactam
blaOXA-417_1	beta-lactam
blaOXA-418_1	beta-lactam
blaOXA-420_1	beta-lactam
blaOXA-421_1	beta-lactam
blaOXA-422_1	beta-lactam
blaOXA-423_1	beta-lactam
blaOXA-424_1	beta-lactam
blaOXA-425_1	beta-lactam
blaOXA-426_1	beta-lactam
blaOXA-429_1	beta-lactam
blaOXA-430_1	beta-lactam
blaOXA-431_1	beta-lactam
blaOXA-432_1	beta-lactam
blaOXA-433_1	beta-lactam
blaOXA-435_1	beta-lactam
blaOXA-436_1	beta-lactam
blaOXA-437_1	beta-lactam
blaOXA-438_1	beta-lactam
blaOXA-439_1	beta-lactam
blaOXA-440_1	beta-lactam
blaOXA-441_1	beta-lactam
blaOXA-442_1	beta-lactam
blaOXA-443_1	beta-lactam
blaOXA-444_1	beta-lactam
blaOXA-450_1	beta-lactam
blaOXA-451_1	beta-lactam
blaOXA-452_1	beta-lactam
blaOXA-453_1	beta-lactam
blaOXA-454_1	beta-lactam
blaOXA-455_1	beta-lactam
blaOXA-457_1	beta-lactam
blaOXA-458_1	beta-lactam
blaOXA-459_1	beta-lactam
blaOXA-460_1	beta-lactam
blaOXA-461_1	beta-lactam
blaOXA-464_1	beta-lactam
blaOXA-470_1	beta-lactam
blaOXA-471_1	beta-lactam
blaOXA-472_1	beta-lactam
blaOXA-473_1	beta-lactam
blaOXA-474_1	beta-lactam
blaOXA-475_1	beta-lactam
blaOXA-476_1	beta-lactam
blaOXA-477_1	beta-lactam
blaOXA-478_1	beta-lactam
blaOXA-479_1	beta-lactam
blaOXA-480_1	beta-lactam
blaOXA-482_1	beta-lactam
blaOXA-483_1	beta-lactam
blaOXA-484_1	beta-lactam
blaOXA-485_1	beta-lactam
blaOXA-486_1	beta-lactam
blaOXA-488_1	beta-lactam
blaOXA-489_1	beta-lactam
blaOXA-490_1	beta-lactam
blaOXA-491_1	beta-lactam
blaOXA-493_1	beta-lactam
blaOXA-494_1	beta-lactam
blaOXA-496_1	beta-lactam
blaOXA-497_1	beta-lactam
blaOXA-499_1	beta-lactam
blaOXA-500_1	beta-lactam
blaOXA-501_1	beta-lactam
blaOXA-502_1	beta-lactam
blaOXA-503_1	beta-lactam
blaOXA-505_1	beta-lactam
blaOXA-506_1	beta-lactam
blaOXA-507_1	beta-lactam
blaOXA-508_1	beta-lactam
blaOXA-509_1	beta-lactam
blaOXA-510_1	beta-lactam
blaOXA-511_1	beta-lactam
blaOXA-512_1	beta-lactam
blaOXA-513_1	beta-lactam
blaOXA-514_1	beta-lactam
blaOXA-515_1	beta-lactam
blaOXA-516_1	beta-lactam
blaOXA-517_1	beta-lactam
blaOXA-519_1	beta-lactam
blaOXA-520_1	beta-lactam
blaOXA-521_1	beta-lactam
blaOXA-522_1	beta-lactam
blaOXA-523_1	beta-lactam
blaOXA-524_1	beta-lactam
blaOXA-525_1	beta-lactam
blaOXA-526_1	beta-lactam
blaOXA-527_1	beta-lactam
blaOXA-528_1	beta-lactam
blaOXA-529_1	beta-lactam
blaOXA-530_1	beta-lactam
blaOXA-531_1	beta-lactam
blaOXA-532_1	beta-lactam
blaOXA-533_1	beta-lactam
blaOXA-534_1	beta-lactam
blaOXA-535_1	beta-lactam
blaOXA-536_1	beta-lactam
blaOXA-537_1	beta-lactam
blaOXA-538_1	beta-lactam
blaOXA-539_1	beta-lactam
blaOXA-540_1	beta-lactam
blaOXA-541_1	beta-lactam
blaIMP-58_1	beta-lactam
blaOXA-427_1	beta-lactam
blaNDM-17_1	beta-lactam
blaNDM-18_1	beta-lactam
blaNDM-11_1	beta-lactam
blaNDM-14_1	beta-lactam
blaNDM-15_1	beta-lactam
blaNDM-16_1	beta-lactam
blaCMH-3_1	beta-lactam
blaSGM-7_1	beta-lactam
blaOXA-307_1	beta-lactam
blaOXA-287_1	beta-lactam
blaOXA-289_1	beta-lactam
blaOXA-290_1	beta-lactam
blaOXA-293_1	beta-lactam
blaL_1	beta-lactam
blaL_2	beta-lactam
blaVHW-1_1	beta-lactam
blaVHH-1_1	beta-lactam
blaTER-2_1	beta-lactam
blaTER-1_1	beta-lactam
blaSST-1_1	beta-lactam
blaSRT-1_1	beta-lactam
blaSRT-2_1	beta-lactam
blaSPU-1_1	beta-lactam
blaSPG-1_1	beta-lactam
blaSGM-6_1	beta-lactam
blaSGM-5_1	beta-lactam
blaSGM-4_1	beta-lactam
blaSGM-2_1	beta-lactam
blaSGM-1_1	beta-lactam
blaSCO-1_1	beta-lactam
blaPLA-6A_1	beta-lactam
blaPLA-3A_1	beta-lactam
blaPLA-4A_1	beta-lactam
blaPLA-5A_1	beta-lactam
blaPLA2a_1	beta-lactam
blaPLA1a_1	beta-lactam
blaPEDO-3_1	beta-lactam
blaPEDO-2_1	beta-lactam
blaPEDO-1_1	beta-lactam
blaOXA-518_1	beta-lactam
blaOXA-493_2	beta-lactam
blaOXA-466_1	beta-lactam
blaOXA-465_1	beta-lactam
blaOXA-449_1	beta-lactam
blaOXA-448_1	beta-lactam
blaOXA-447_1	beta-lactam
blaOXA-446_1	beta-lactam
blaOXA-308_1	beta-lactam
blaOXA-306_1	beta-lactam
blaOXA-303_1	beta-lactam
blaOXA-302_1	beta-lactam
blaOXA-299_1	beta-lactam
blaOXA-298_1	beta-lactam
blaVCC-1_1	beta-lactam
blaPAM-1_1	beta-lactam
blaTMB-1_1	beta-lactam
blaTMB-2_1	beta-lactam
blaACC-2_1	beta-lactam
blaACC-3_1	beta-lactam
blaACC-4_1	beta-lactam
blaACT-1_1	beta-lactam
blaACT-2_1	beta-lactam
blaACT-3_1	beta-lactam
blaACT-4_2	beta-lactam
blaACT-5_1	beta-lactam
blaACT-6_1	beta-lactam
blaACT-7_1	beta-lactam
blaACT-9_1	beta-lactam
blaACT-10_1	beta-lactam
blaACT-12_1	beta-lactam
blaACT-14_1	beta-lactam
blaACT-15_1	beta-lactam
blaACT-16_1	beta-lactam
blaBEL-1_1	beta-lactam
blaBEL-2_1	beta-lactam
blaBEL-3_1	beta-lactam
cepA_1	beta-lactam
cepA_2	beta-lactam
cepA_6	beta-lactam
cepA-49_1	beta-lactam
cepA-44_1	beta-lactam
cepA-29_1	beta-lactam
blaCMY-1_1	beta-lactam
blaCMY-2_1	beta-lactam
blaCMY-5_1	beta-lactam
blaCMY-6_1	beta-lactam
blaCMY-7_1	beta-lactam
blaCMY-8_1	beta-lactam
blaCMY-9_1	beta-lactam
blaCMY-12_1	beta-lactam
blaCMY-13_1	beta-lactam
blaCMY-14_1	beta-lactam
blaCMY-15_1	beta-lactam
blaCMY-17_1	beta-lactam
blaCMY-18_1	beta-lactam
blaCMY-19_1	beta-lactam
blaCMY-20_1	beta-lactam
blaCMY-21_1	beta-lactam
blaCMY-22_1	beta-lactam
blaCMY-23_1	beta-lactam
blaCMY-24_1	beta-lactam
blaCMY-25_1	beta-lactam
blaCMY-26_1	beta-lactam
blaCMY-27_1	beta-lactam
blaCMY-28_1	beta-lactam
blaCMY-29_1	beta-lactam
blaCMY-32_1	beta-lactam
blaCMY-33_1	beta-lactam
blaCMY-34_1	beta-lactam
blaCMY-35_1	beta-lactam
blaCMY-36_1	beta-lactam
blaCMY-37_1	beta-lactam
blaCMY-38_1	beta-lactam
blaCMY-40_1	beta-lactam
blaCMY-41_1	beta-lactam
blaCMY-42_1	beta-lactam
blaCMY-44_1	beta-lactam
blaCMY-45_1	beta-lactam
blaCMY-46_1	beta-lactam
blaCMY-47_1	beta-lactam
blaCMY-48_1	beta-lactam
blaCMY-49_1	beta-lactam
blaCMY-51_1	beta-lactam
blaCMY-53_1	beta-lactam
blaCMY-54_1	beta-lactam
blaCMY-55_1	beta-lactam
blaCMY-56_1	beta-lactam
blaCMY-57_1	beta-lactam
blaCMY-58_1	beta-lactam
blaCMY-60_1	beta-lactam
blaCMY-61_1	beta-lactam
blaCMY-62_1	beta-lactam
blaCMY-63_1	beta-lactam
blaCMY-64_1	beta-lactam
blaCMY-65_1	beta-lactam
blaCMY-66_1	beta-lactam
blaCMY-67_1	beta-lactam
blaCMY-68_1	beta-lactam
blaCMY-69_1	beta-lactam
blaCMY-70_1	beta-lactam
blaCMY-71_1	beta-lactam
blaCMY-72_1	beta-lactam
blaCMY-73_1	beta-lactam
blaCMY-74_1	beta-lactam
blaCMY-75_1	beta-lactam
blaCMY-76_1	beta-lactam
blaCMY-77_1	beta-lactam
blaCMY-78_1	beta-lactam
blaCMY-79_1	beta-lactam
blaCMY-80_1	beta-lactam
blaCMY-81_1	beta-lactam
blaCMY-83_1	beta-lactam
blaCMY-84_1	beta-lactam
blaCMY-87_1	beta-lactam
blaCMY-94_1	beta-lactam
blaCMY-95_1	beta-lactam
blaCMY-98_1	beta-lactam
blaCMY-99_1	beta-lactam
blaCMY-104_1	beta-lactam
blaCMY-110_1	beta-lactam
blaCTX-M-1_1	beta-lactam
blaCTX-M-4_1	beta-lactam
blaCTX-M-6_1	beta-lactam
blaCTX-M-8_1	beta-lactam
blaCTX-M-9_1	beta-lactam
blaCTX-M-10_1	beta-lactam
blaCTX-M-12_1	beta-lactam
blaCTX-M-13_2	beta-lactam
blaCTX-M-14_1	beta-lactam
blaCTX-M-14b_1	beta-lactam
blaCTX-M-16_1	beta-lactam
blaCTX-M-17_1	beta-lactam
blaCTX-M-19_1	beta-lactam
blaCTX-M-20_1	beta-lactam
blaCTX-M-21_1	beta-lactam
blaCTX-M-23_1	beta-lactam
blaCTX-M-24_1	beta-lactam
blaCTX-M-25_1	beta-lactam
blaCTX-M-28_6	beta-lactam
blaCTX-M-29_1	beta-lactam
blaCTX-M-30_1	beta-lactam
blaCTX-M-31_1	beta-lactam
blaCTX-M-32_2	beta-lactam
blaCTX-M-33_1	beta-lactam
blaCTX-M-34_1	beta-lactam
blaCTX-M-35_1	beta-lactam
blaCTX-M-36_1	beta-lactam
blaCTX-M-39_1	beta-lactam
blaCTX-M-40_1	beta-lactam
blaCTX-M-41_1	beta-lactam
blaCTX-M-42_1	beta-lactam
blaCTX-M-43_1	beta-lactam
blaCTX-M-44_1	beta-lactam
blaCTX-M-46_1	beta-lactam
blaCTX-M-47_1	beta-lactam
blaCTX-M-48_1	beta-lactam
blaCTX-M-49_1	beta-lactam
blaCTX-M-50_1	beta-lactam
blaCTX-M-51_1	beta-lactam
blaCTX-M-53_1	beta-lactam
blaCTX-M-54_1	beta-lactam
blaCTX-M-56_1	beta-lactam
blaCTX-M-58_1	beta-lactam
blaCTX-M-60_1	beta-lactam
blaCTX-M-61_1	beta-lactam
blaCTX-M-62_1	beta-lactam
blaCTX-M-63_1	beta-lactam
blaCTX-M-64_1	beta-lactam
blaCTX-M-66_1	beta-lactam
blaCTX-M-67_1	beta-lactam
blaCTX-M-68_1	beta-lactam
blaCTX-M-69_1	beta-lactam
blaCTX-M-71_1	beta-lactam
blaCTX-M-72_1	beta-lactam
blaCTX-M-74_1	beta-lactam
blaCTX-M-75_1	beta-lactam
blaCTX-M-76_1	beta-lactam
blaCTX-M-77_1	beta-lactam
blaCTX-M-78_1	beta-lactam
blaCTX-M-80_1	beta-lactam
blaCTX-M-81_1	beta-lactam
blaCTX-M-82_1	beta-lactam
blaCTX-M-83_1	beta-lactam
blaCTX-M-84_1	beta-lactam
blaCTX-M-85_1	beta-lactam
blaCTX-M-86_1	beta-lactam
blaCTX-M-87_1	beta-lactam
blaCTX-M-88_1	beta-lactam
blaCTX-M-89_1	beta-lactam
blaCTX-M-90_1	beta-lactam
blaCTX-M-91_1	beta-lactam
blaCTX-M-92_1	beta-lactam
blaCTX-M-93_1	beta-lactam
blaCTX-M-94_1	beta-lactam
blaCTX-M-95_1	beta-lactam
blaCTX-M-96_1	beta-lactam
blaCTX-M-97_1	beta-lactam
blaCTX-M-98_1	beta-lactam
blaCTX-M-99_1	beta-lactam
blaCTX-M-100_1	beta-lactam
blaCTX-M-101_1	beta-lactam
blaCTX-M-102_1	beta-lactam
blaCTX-M-103_1	beta-lactam
blaCTX-M-104_1	beta-lactam
blaCTX-M-105_1	beta-lactam
blaCTX-M-110_1	beta-lactam
blaCTX-M-111_1	beta-lactam
blaCTX-M-112_1	beta-lactam
blaCTX-M-113_1	beta-lactam
blaCTX-M-114_1	beta-lactam
blaCTX-M-116_1	beta-lactam
blaCTX-M-117_1	beta-lactam
blaCTX-M-121_1	beta-lactam
blaCTX-M-123_1	beta-lactam
blaCTX-M-124_1	beta-lactam
blaCTX-M-125_1	beta-lactam
blaCTX-M-126_1	beta-lactam
blaCTX-M-129_1	beta-lactam
blaCTX-M-130_1	beta-lactam
blaCTX-M-131_1	beta-lactam
blaCTX-M-132_1	beta-lactam
blaCTX-M-134_1	beta-lactam
blaCTX-M-136_1	beta-lactam
blaCTX-M-139_1	beta-lactam
blaCTX-M-142_1	beta-lactam
blaCTX-M-147_1	beta-lactam
blaDHA-1_1	beta-lactam
blaDHA-2_1	beta-lactam
blaDHA-3_1	beta-lactam
blaDHA-5_1	beta-lactam
blaDHA-6_1	beta-lactam
blaDHA-7_1	beta-lactam
blaFONA-6_1	beta-lactam
blaFONA-5_1	beta-lactam
blaFONA-4_1	beta-lactam
blaFONA-3_1	beta-lactam
blaFONA-2_1	beta-lactam
blaFONA-1_1	beta-lactam
blaFOX-1_1	beta-lactam
blaFOX-2_1	beta-lactam
blaFOX-3_1	beta-lactam
blaFOX-4_1	beta-lactam
blaFOX-5_1	beta-lactam
blaFOX-6_1	beta-lactam
blaFOX-7_1	beta-lactam
blaFOX-8_1	beta-lactam
blaFOX-9_1	beta-lactam
blaFOX-10_1	beta-lactam
blaGOB-1_1	beta-lactam
blaGOB-1_2	beta-lactam
blaGOB-2_1	beta-lactam
blaGOB-3_1	beta-lactam
blaGOB-4_1	beta-lactam
blaGOB-5_1	beta-lactam
blaGOB-6_1	beta-lactam
blaGOB-7_1	beta-lactam
blaGOB-8_1	beta-lactam
blaGOB-9_1	beta-lactam
blaGOB-10_1	beta-lactam
blaGOB-11_1	beta-lactam
blaGOB-12_1	beta-lactam
blaGOB-13_1	beta-lactam
blaGOB-14_1	beta-lactam
blaGOB-15_1	beta-lactam
blaGOB-16_1	beta-lactam
blaGOB-16_2	beta-lactam
blaGOB-17_1	beta-lactam
blaGOB-18_1	beta-lactam
blaHERA-1_1	beta-lactam
blaHERA-2_1	beta-lactam
blaHERA-3_1	beta-lactam
blaHERA-4_1	beta-lactam
blaHERA-5_1	beta-lactam
blaHERA-6_1	beta-lactam
blaHERA-8_1	beta-lactam
blaIND-1_1	beta-lactam
blaIND-2_2	beta-lactam
blaIND-2a_4	beta-lactam
blaIND-2b_3	beta-lactam
blaIND-2c_1	beta-lactam
blaIND-3_1	beta-lactam
blaIND-4_1	beta-lactam
blaIND-5_1	beta-lactam
blaIND-6_1	beta-lactam
blaIND-7_1	beta-lactam
blaIND-8_1	beta-lactam
blaIND-9_1	beta-lactam
blaIND-10_1	beta-lactam
blaIND-11_1	beta-lactam
blaIND-12_1	beta-lactam
blaIND-14_1	beta-lactam
blaIND-15_1	beta-lactam
blaKPC-2_1	beta-lactam
blaKPC-3_1	beta-lactam
blaKPC-4_1	beta-lactam
blaKPC-5_1	beta-lactam
blaKPC-6_1	beta-lactam
blaKPC-7_1	beta-lactam
blaKPC-8_1	beta-lactam
blaKPC-9_1	beta-lactam
blaKPC-10_1	beta-lactam
blaKPC-11_1	beta-lactam
blaKPC-14_1	beta-lactam
blaKPC-15_1	beta-lactam
blaKPC-16_1	beta-lactam
blaLEN1_1	beta-lactam
blaLEN2_1	beta-lactam
blaLEN3_1	beta-lactam
blaLEN4_1	beta-lactam
blaLEN5_1	beta-lactam
blaLEN7_1	beta-lactam
blaLEN8_1	beta-lactam
blaLEN9_1	beta-lactam
blaLEN10_1	beta-lactam
blaLEN12_1	beta-lactam
blaLEN13_1	beta-lactam
blaLEN15_1	beta-lactam
blaLEN16_1	beta-lactam
blaLEN17_1	beta-lactam
blaLEN18_1	beta-lactam
blaLEN19_1	beta-lactam
blaLEN20_1	beta-lactam
blaLEN21_1	beta-lactam
blaLEN22_1	beta-lactam
blaLEN23_1	beta-lactam
blaLEN24_1	beta-lactam
blaLEN25_1	beta-lactam
blaLEN26_1	beta-lactam
blaMAL-1_1	beta-lactam
blaMAL-1_2	beta-lactam
blaMIR-1_1	beta-lactam
blaMIR-2_1	beta-lactam
blaMIR-3_1	beta-lactam
blaMIR-4_1	beta-lactam
blaMIR-5_1	beta-lactam
blaMIR-6_1	beta-lactam
blaMOR_1	beta-lactam
blaMOR-2_1	beta-lactam
blaMOX-1_1	beta-lactam
blaMOX-2_1	beta-lactam
blaMOX-3_1	beta-lactam
blaMOX-4_1	beta-lactam
blaMOX-5_1	beta-lactam
blaMOX-6_1	beta-lactam
blaMOX-7_1	beta-lactam
blaOCH-2_1	beta-lactam
blaOCH-3_1	beta-lactam
blaOCH-4_1	beta-lactam
blaOCH-5_1	beta-lactam
blaOCH-6_1	beta-lactam
blaOCH-7_1	beta-lactam
blaOCH-8_1	beta-lactam
blaOKP-A-1_1	beta-lactam
blaOKP-A-2_1	beta-lactam
blaOKP-A-3_1	beta-lactam
blaOKP-A-4_1	beta-lactam
blaOKP-A-5_1	beta-lactam
blaOKP-A-6_1	beta-lactam
blaOKP-A-7_1	beta-lactam
blaOKP-A-8_1	beta-lactam
blaOKP-A-9_1	beta-lactam
blaOKP-A-10_1	beta-lactam
blaOKP-A-11_1	beta-lactam
blaOKP-A-12_1	beta-lactam
blaOKP-A-13_1	beta-lactam
blaOKP-A-14_1	beta-lactam
blaOKP-A-15_1	beta-lactam
blaOKP-A-16_1	beta-lactam
blaOKP-B-1_1	beta-lactam
blaOKP-B-2_1	beta-lactam
blaOKP-B-3_1	beta-lactam
blaOKP-B-4_1	beta-lactam
blaOKP-B-5_1	beta-lactam
blaOKP-B-6_1	beta-lactam
blaOKP-B-7_1	beta-lactam
blaOKP-B-8_1	beta-lactam
blaOKP-B-9_1	beta-lactam
blaOKP-B-10_1	beta-lactam
blaOKP-B-11_1	beta-lactam
blaOKP-B-12_1	beta-lactam
blaOKP-B-13_1	beta-lactam
blaOKP-B-14_1	beta-lactam
blaOKP-B-15_1	beta-lactam
blaOKP-B-16_1	beta-lactam
blaOKP-B-17_1	beta-lactam
blaOKP-B-18_1	beta-lactam
blaOKP-B-19_1	beta-lactam
blaOKP-B-20_1	beta-lactam
blaOXA-SHE_1	beta-lactam
blaOXA-1_1	beta-lactam
blaOXA-2_2	beta-lactam
blaOXA-2_1	beta-lactam
blaOXA-3_1	beta-lactam
blaOXA-4_1	beta-lactam
blaOXA-5_1	beta-lactam
blaOXA-7_1	beta-lactam
blaOXA-9_1	beta-lactam
blaOXA-10_1	beta-lactam
blaOXA-11_1	beta-lactam
blaOXA-13_1	beta-lactam
blaOXA-14_1	beta-lactam
blaOXA-13_2	beta-lactam
blaOXA-15_1	beta-lactam
blaOXA-16_1	beta-lactam
blaOXA-17_1	beta-lactam
blaOXA-18_1	beta-lactam
blaOXA-19_1	beta-lactam
blaOXA-20_1	beta-lactam
blaOXA-21_1	beta-lactam
blaOXA-22_1	beta-lactam
blaOXA-23_1	beta-lactam
blaOXA-24_1	beta-lactam
blaOXA-25_1	beta-lactam
blaOXA-26_1	beta-lactam
blaOXA-27_1	beta-lactam
blaOXA-28_1	beta-lactam
blaOXA-29_1	beta-lactam
blaOXA-31_1	beta-lactam
blaOXA-32_1	beta-lactam
blaOXA-34_1	beta-lactam
blaOXA-35_1	beta-lactam
blaOXA-36_1	beta-lactam
blaOXA-37_1	beta-lactam
blaOXA-42_1	beta-lactam
blaOXA-43_1	beta-lactam
blaOXA-45_1	beta-lactam
blaOXA-46_1	beta-lactam
blaOXA-47_1	beta-lactam
blaOXA-48_1	beta-lactam
blaOXA-49_1	beta-lactam
blaOXA-50_1	beta-lactam
blaOXA-51_1	beta-lactam
blaOXA-53_1	beta-lactam
blaOXA-54_1	beta-lactam
blaOXA-55_1	beta-lactam
blaOXA-56_1	beta-lactam
blaOXA-57_1	beta-lactam
blaOXA-58_1	beta-lactam
blaOXA-59_1	beta-lactam
blaOXA-60_1	beta-lactam
blaOXA-61_1	beta-lactam
blaOXA-62_1	beta-lactam
blaOXA-63_1	beta-lactam
blaOXA-64_1	beta-lactam
blaOXA-65_1	beta-lactam
blaOXA-66_1	beta-lactam
blaOXA-67_1	beta-lactam
blaOXA-68_1	beta-lactam
blaOXA-69_1	beta-lactam
blaOXA-70_1	beta-lactam
blaOXA-71_1	beta-lactam
blaOXA-72_1	beta-lactam
blaOXA-73_1	beta-lactam
blaOXA-74_1	beta-lactam
blaOXA-75_1	beta-lactam
blaOXA-76_1	beta-lactam
blaOXA-77_1	beta-lactam
blaOXA-78_1	beta-lactam
blaOXA-79_1	beta-lactam
blaOXA-80_1	beta-lactam
blaOXA-82_1	beta-lactam
blaOXA-83_1	beta-lactam
blaOXA-84_1	beta-lactam
blaOXA-85_1	beta-lactam
blaOXA-86_1	beta-lactam
blaOXA-87_1	beta-lactam
blaOXA-88_1	beta-lactam
blaOXA-89_1	beta-lactam
blaOXA-90_1	beta-lactam
blaOXA-91_1	beta-lactam
blaOXA-92_1	beta-lactam
blaOXA-93_1	beta-lactam
blaOXA-94_1	beta-lactam
blaOXA-95_1	beta-lactam
blaOXA-96_1	beta-lactam
blaOXA-97_1	beta-lactam
blaOXA-98_1	beta-lactam
blaOXA-99_1	beta-lactam
blaOXA-100_1	beta-lactam
blaOXA-101_1	beta-lactam
blaOXA-104_1	beta-lactam
blaOXA-106_1	beta-lactam
blaOXA-107_1	beta-lactam
blaOXA-108_1	beta-lactam
blaOXA-109_1	beta-lactam
blaOXA-110_1	beta-lactam
blaOXA-111_1	beta-lactam
blaOXA-112_1	beta-lactam
blaOXA-113_1	beta-lactam
blaOXA-114g_1	beta-lactam
blaOXA-114f_1	beta-lactam
blaOXA-114e_1	beta-lactam
blaOXA-114d_1	beta-lactam
blaOXA-114c_1	beta-lactam
blaOXA-114a_1	beta-lactam
blaOXA-114b_1	beta-lactam
blaOXA-115_1	beta-lactam
blaOXA-116_1	beta-lactam
blaOXA-117_1	beta-lactam
blaOXA-118_1	beta-lactam
blaOXA-119_1	beta-lactam
blaOXA-120_1	beta-lactam
blaOXA-121_1	beta-lactam
blaOXA-122_1	beta-lactam
blaOXA-123_1	beta-lactam
blaOXA-124_1	beta-lactam
blaOXA-125_1	beta-lactam
blaOXA-126_1	beta-lactam
blaOXA-127_1	beta-lactam
blaOXA-128_1	beta-lactam
blaOXA-129_1	beta-lactam
blaOXA-130_1	beta-lactam
blaOXA-131_1	beta-lactam
blaOXA-132_1	beta-lactam
blaOXA-133_1	beta-lactam
blaOXA-134_1	beta-lactam
blaOXA-136_1	beta-lactam
blaOXA-137_1	beta-lactam
blaOXA-138_1	beta-lactam
blaOXA-139_1	beta-lactam
blaOXA-141_1	beta-lactam
blaOXA-142_1	beta-lactam
blaOXA-143_1	beta-lactam
blaOXA-144_1	beta-lactam
blaOXA-145_1	beta-lactam
blaOXA-146_1	beta-lactam
blaOXA-147_1	beta-lactam
blaOXA-148_1	beta-lactam
blaOXA-149_1	beta-lactam
blaOXA-150_1	beta-lactam
blaOXA-160_1	beta-lactam
blaOXA-161_1	beta-lactam
blaOXA-162_1	beta-lactam
blaOXA-163_1	beta-lactam
blaOXA-164_1	beta-lactam
blaOXA-165_1	beta-lactam
blaOXA-166_1	beta-lactam
blaOXA-167_1	beta-lactam
blaOXA-168_1	beta-lactam
blaOXA-169_1	beta-lactam
blaOXA-170_1	beta-lactam
blaOXA-171_1	beta-lactam
blaOXA-172_1	beta-lactam
blaOXA-173_1	beta-lactam
blaOXA-174_1	beta-lactam
blaOXA-175_1	beta-lactam
blaOXA-176_1	beta-lactam
blaOXA-177_1	beta-lactam
blaOXA-178_1	beta-lactam
blaOXA-179_1	beta-lactam
blaOXA-180_1	beta-lactam
blaOXA-181_1	beta-lactam
blaOXA-182_1	beta-lactam
blaOXA-183_1	beta-lactam
blaOXA-192_1	beta-lactam
blaOXA-194_1	beta-lactam
blaOXA-195_1	beta-lactam
blaOXA-196_1	beta-lactam
blaOXA-197_1	beta-lactam
blaOXA-198_1	beta-lactam
blaOXA-199_1	beta-lactam
blaOXA-200_1	beta-lactam
blaOXA-201_1	beta-lactam
blaOXA-202_1	beta-lactam
blaOXA-203_1	beta-lactam
blaOXA-204_1	beta-lactam
blaOXA-205_1	beta-lactam
blaOXA-206_1	beta-lactam
blaOXA-207_1	beta-lactam
blaOXA-208_1	beta-lactam
blaOXA-209_1	beta-lactam
blaOXA-210_1	beta-lactam
blaOXA-211_1	beta-lactam
blaOXA-212_1	beta-lactam
blaOXA-213_1	beta-lactam
blaOXA-214_1	beta-lactam
blaOXA-215_1	beta-lactam
blaOXA-216_1	beta-lactam
blaOXA-217_1	beta-lactam
blaOXA-219_1	beta-lactam
blaOXA-223_1	beta-lactam
blaOXA-224_1	beta-lactam
blaOXA-225_1	beta-lactam
blaOXA-226_1	beta-lactam
blaOXA-228_1	beta-lactam
blaOXA-229_1	beta-lactam
blaOXA-230_1	beta-lactam
blaOXA-231_1	beta-lactam
blaOXA-232_1	beta-lactam
blaOXA-233_1	beta-lactam
blaOXA-234_1	beta-lactam
blaOXA-235_1	beta-lactam
blaOXA-236_1	beta-lactam
blaOXA-237_1	beta-lactam
blaOXA-239_1	beta-lactam
blaOXA-240_1	beta-lactam
blaOXA-241_1	beta-lactam
blaOXA-242_1	beta-lactam
blaOXA-243_1	beta-lactam
blaOXA-244_1	beta-lactam
blaOXA-245_1	beta-lactam
blaOXA-247_1	beta-lactam
blaOXA-248_1	beta-lactam
blaOXA-249_1	beta-lactam
blaOXA-250_1	beta-lactam
blaOXA-251_1	beta-lactam
blaOXA-253_1	beta-lactam
blaOXA-254_1	beta-lactam
blaOXA-255_1	beta-lactam
blaOXA-256_1	beta-lactam
blaOXA-257_1	beta-lactam
blaOXA-258_1	beta-lactam
blaOXA-278_1	beta-lactam
blaOXA-309_1	beta-lactam
blaOXA-320_1	beta-lactam
blaOXA-322_1	beta-lactam
blaOXA-323_1	beta-lactam
blaOXA-324_1	beta-lactam
blaOXA-325_1	beta-lactam
blaOXA-326_1	beta-lactam
blaOXA-327_1	beta-lactam
blaOXA-328_1	beta-lactam
blaOXA-329_1	beta-lactam
blaOXA-330_1	beta-lactam
blaOXA-331_1	beta-lactam
blaOXA-332_1	beta-lactam
blaOXA-333_1	beta-lactam
blaOXA-334_1	beta-lactam
blaOXA-335_1	beta-lactam
blaOXA-347_2	beta-lactam
blaOXA-348_1	beta-lactam
blaOXA-349_1	beta-lactam
blaOXA-350_1	beta-lactam
blaOXA-351_1	beta-lactam
blaOXA-352_1	beta-lactam
blaOXA-353_1	beta-lactam
blaOXA-354_1	beta-lactam
blaOXA-355_1	beta-lactam
blaOXA-356_1	beta-lactam
blaOXA-357_1	beta-lactam
blaOXA-358_1	beta-lactam
blaOXA-359_1	beta-lactam
blaOXA-360_1	beta-lactam
blaOXA-371_1	beta-lactam
blaOXA-372_1	beta-lactam
blaOXY-1-1_1	beta-lactam
blaOXY-1-2_2	beta-lactam
blaOXY-1-3_3	beta-lactam
blaOXY-1-4_4	beta-lactam
blaOXY-1-5_5	beta-lactam
blaOXY-1-6_6	beta-lactam
blaOXY-1-7_7	beta-lactam
blaOXY-2-1_1	beta-lactam
blaOXY-2-2_2	beta-lactam
blaOXY-2-3_3	beta-lactam
blaOXY-2-4_4	beta-lactam
blaOXY-2-5_5	beta-lactam
blaOXY-2-6_6	beta-lactam
blaOXY-2-7_7	beta-lactam
blaOXY-2-8_8	beta-lactam
blaOXY-2-9_9	beta-lactam
blaOXY-2-10_10	beta-lactam
blaOXY-3-1_1	beta-lactam
blaOXY-4-1_1	beta-lactam
blaOXY-5-1_1	beta-lactam
blaOXY-5-2_2	beta-lactam
blaOXY-6-1_1	beta-lactam
blaOXY-6-2_2	beta-lactam
blaOXY-6-3_3	beta-lactam
blaOXY-6-4_4	beta-lactam
blaPAO_1	beta-lactam
blaPAO_2	beta-lactam
blaPAO_3	beta-lactam
blaPAO_4	beta-lactam
blaPER-1_1	beta-lactam
blaPER-2_1	beta-lactam
blaPER-3_1	beta-lactam
blaPER-4_1	beta-lactam
blaPER-5_1	beta-lactam
blaPER-6_1	beta-lactam
blaPER-7_1	beta-lactam
blaRAHN-1_1	beta-lactam
blaRAHN-1_2	beta-lactam
blaRAHN-2_2	beta-lactam
blaROB-1_1	beta-lactam
blaROB-1_2	beta-lactam
blaSHV-2a_1	beta-lactam
blaSHV-5_1	beta-lactam
blaSHV-7_1	beta-lactam
blaSHV-8_1	beta-lactam
blaSHV-13_1	beta-lactam
blaSHV-14_1	beta-lactam
blaSHV-15_1	beta-lactam
blaSHV-16_1	beta-lactam
blaSHV-18_1	beta-lactam
blaSHV-24_1	beta-lactam
blaSHV-25_1	beta-lactam
blaSHV-26_1	beta-lactam
blaSHV-27_1	beta-lactam
blaSHV-28_1	beta-lactam
blaSHV-29_1	beta-lactam
blaSHV-30_1	beta-lactam
blaSHV-31_1	beta-lactam
blaSHV-33_1	beta-lactam
blaSHV-34_1	beta-lactam
blaSHV-35_1	beta-lactam
blaSHV-36_1	beta-lactam
blaSHV-37_1	beta-lactam
blaSHV-40_1	beta-lactam
blaSHV-41_1	beta-lactam
blaSHV-43_1	beta-lactam
blaSHV-44_1	beta-lactam
blaSHV-45_1	beta-lactam
blaSHV-46_1	beta-lactam
blaSHV-48_1	beta-lactam
blaSHV-49_1	beta-lactam
blaSHV-50_1	beta-lactam
blaSHV-51_1	beta-lactam
blaSHV-52_1	beta-lactam
blaSHV-55_1	beta-lactam
blaSHV-56_1	beta-lactam
blaSHV-57_1	beta-lactam
blaSHV-59_1	beta-lactam
blaSHV-60_1	beta-lactam
blaSHV-61_1	beta-lactam
blaSHV-62_1	beta-lactam
blaSHV-63_1	beta-lactam
blaSHV-64_1	beta-lactam
blaSHV-65_1	beta-lactam
blaSHV-66_1	beta-lactam
blaSHV-67_1	beta-lactam
blaSHV-69_1	beta-lactam
blaSHV-70_1	beta-lactam
blaSHV-72_1	beta-lactam
blaSHV-73_1	beta-lactam
blaSHV-74_1	beta-lactam
blaSHV-75_1	beta-lactam
blaSHV-76_1	beta-lactam
blaSHV-77_1	beta-lactam
blaSHV-78_1	beta-lactam
blaSHV-79_1	beta-lactam
blaSHV-80_1	beta-lactam
blaSHV-81_1	beta-lactam
blaSHV-82_1	beta-lactam
blaSHV-85_1	beta-lactam
blaSHV-86_1	beta-lactam
blaSHV-89_1	beta-lactam
blaSHV-92_1	beta-lactam
blaSHV-93_1	beta-lactam
blaSHV-94_1	beta-lactam
blaSHV-95_1	beta-lactam
blaSHV-96_1	beta-lactam
blaSHV-97_1	beta-lactam
blaSHV-98_1	beta-lactam
blaSHV-99_1	beta-lactam
blaSHV-100_1	beta-lactam
blaSHV-101_1	beta-lactam
blaSHV-102_1	beta-lactam
blaSHV-103_1	beta-lactam
blaSHV-104_1	beta-lactam
blaSHV-105_1	beta-lactam
blaSHV-106_1	beta-lactam
blaSHV-107_1	beta-lactam
blaSHV-108_1	beta-lactam
blaSHV-109_1	beta-lactam
blaSHV-110_1	beta-lactam
blaSHV-120_1	beta-lactam
blaSHV-121_1	beta-lactam
blaSHV-128_1	beta-lactam
blaSHV-129_1	beta-lactam
blaSHV-132_1	beta-lactam
blaSHV-133_1	beta-lactam
blaSHV-134_1	beta-lactam
blaSHV-135_1	beta-lactam
blaSHV-137_1	beta-lactam
blaSHV-141_1	beta-lactam
blaSHV-142_1	beta-lactam
blaSHV-143_1	beta-lactam
blaSHV-144_1	beta-lactam
blaSHV-145_1	beta-lactam
blaSHV-147_1	beta-lactam
blaSHV-148_1	beta-lactam
blaSHV-149_1	beta-lactam
blaSHV-150_1	beta-lactam
blaSHV-151_1	beta-lactam
blaSHV-152_1	beta-lactam
blaSHV-153_1	beta-lactam
blaSHV-154_1	beta-lactam
blaSHV-155_1	beta-lactam
blaSHV-156_1	beta-lactam
blaSHV-157_1	beta-lactam
blaSHV-158_1	beta-lactam
blaSHV-159_1	beta-lactam
blaSHV-160_1	beta-lactam
blaSHV-161_1	beta-lactam
blaSHV-162_1	beta-lactam
blaSHV-163_1	beta-lactam
blaSHV-164_1	beta-lactam
blaSHV-165_1	beta-lactam
blaSHV-168_1	beta-lactam
blaSHV-172_1	beta-lactam
blaSHV-173_1	beta-lactam
blaSHV-178_1	beta-lactam
blaSHV-179_1	beta-lactam
blaTEM-1A_1	beta-lactam
blaTEM-1B_1	beta-lactam
blaTEM-1C_1	beta-lactam
blaTEM-1D_1	beta-lactam
blaTEM-2_1	beta-lactam
blaTEM-2_2	beta-lactam
blaTEM-3_1	beta-lactam
blaTEM-6_1	beta-lactam
blaTEM-8_1	beta-lactam
blaTEM-10_1	beta-lactam
blaTEM-11_1	beta-lactam
blaTEM-12_1	beta-lactam
blaTEM-15_1	beta-lactam
blaTEM-16_1	beta-lactam
blaTEM-17_1	beta-lactam
blaTEM-20_1	beta-lactam
blaTEM-21_1	beta-lactam
blaTEM-22_1	beta-lactam
blaTEM-24_1	beta-lactam
blaTEM-28_1	beta-lactam
blaTEM-29_1	beta-lactam
blaTEM-30_1	beta-lactam
blaTEM-33_1	beta-lactam
blaTEM-34_1	beta-lactam
blaTEM-43_1	beta-lactam
blaTEM-45_1	beta-lactam
blaTEM-47_1	beta-lactam
blaTEM-48_1	beta-lactam
blaTEM-49_1	beta-lactam
blaTEM-52C_2	beta-lactam
blaTEM-52B_1	beta-lactam
blaTEM-53_1	beta-lactam
blaTEM-54_1	beta-lactam
blaTEM-55_1	beta-lactam
blaTEM-57_1	beta-lactam
blaTEM-60_1	beta-lactam
blaTEM-63_1	beta-lactam
blaTEM-67_1	beta-lactam
blaTEM-68_1	beta-lactam
blaTEM-70_1	beta-lactam
blaTEM-71_1	beta-lactam
blaTEM-72_1	beta-lactam
blaTEM-76_1	beta-lactam
blaTEM-77_1	beta-lactam
blaTEM-78_1	beta-lactam
blaTEM-79_1	beta-lactam
blaTEM-80_1	beta-lactam
blaTEM-81_1	beta-lactam
blaTEM-82_1	beta-lactam
blaTEM-83_1	beta-lactam
blaTEM-84_1	beta-lactam
blaTEM-85_1	beta-lactam
blaTEM-86_1	beta-lactam
blaTEM-87_1	beta-lactam
blaTEM-88_1	beta-lactam
blaTEM-90_1	beta-lactam
blaTEM-91_1	beta-lactam
blaTEM-92_1	beta-lactam
blaTEM-93_1	beta-lactam
blaTEM-94_1	beta-lactam
blaTEM-95_1	beta-lactam
blaTEM-96_1	beta-lactam
blaTEM-97_1	beta-lactam
blaTEM-98_1	beta-lactam
blaTEM-99_1	beta-lactam
blaTEM-101_1	beta-lactam
blaTEM-102_1	beta-lactam
blaTEM-104_1	beta-lactam
blaTEM-105_1	beta-lactam
blaTEM-106_1	beta-lactam
blaTEM-107_1	beta-lactam
blaTEM-108_1	beta-lactam
blaTEM-109_1	beta-lactam
blaTEM-110_1	beta-lactam
blaTEM-111_1	beta-lactam
blaTEM-112_1	beta-lactam
blaTEM-113_1	beta-lactam
blaTEM-114_1	beta-lactam
blaTEM-115_1	beta-lactam
blaTEM-116_1	beta-lactam
blaTEM-120_1	beta-lactam
blaTEM-121_1	beta-lactam
blaTEM-122_1	beta-lactam
blaTEM-123_1	beta-lactam
blaTEM-124_1	beta-lactam
blaTEM-125_1	beta-lactam
blaTEM-126_1	beta-lactam
blaTEM-127_1	beta-lactam
blaTEM-130_1	beta-lactam
blaTEM-131_1	beta-lactam
blaTEM-132_1	beta-lactam
blaTEM-133_1	beta-lactam
blaTEM-134_1	beta-lactam
blaTEM-135_1	beta-lactam
blaTEM-136_1	beta-lactam
blaTEM-137_1	beta-lactam
blaTEM-138_1	beta-lactam
blaTEM-139_1	beta-lactam
blaTEM-141_1	beta-lactam
blaTEM-142_1	beta-lactam
blaTEM-143_1	beta-lactam
blaTEM-145_1	beta-lactam
blaTEM-146_1	beta-lactam
blaTEM-147_1	beta-lactam
blaTEM-148_1	beta-lactam
blaTEM-149_1	beta-lactam
blaTEM-150_1	beta-lactam
blaTEM-151_1	beta-lactam
blaTEM-152_1	beta-lactam
blaTEM-153_1	beta-lactam
blaTEM-154_1	beta-lactam
blaTEM-155_1	beta-lactam
blaTEM-156_1	beta-lactam
blaTEM-157_1	beta-lactam
blaTEM-158_1	beta-lactam
blaTEM-159_1	beta-lactam
blaTEM-160_1	beta-lactam
blaTEM-162_1	beta-lactam
blaTEM-163_1	beta-lactam
blaTEM-164_1	beta-lactam
blaTEM-166_1	beta-lactam
blaTEM-167_1	beta-lactam
blaTEM-168_1	beta-lactam
blaTEM-171_1	beta-lactam
blaTEM-176_1	beta-lactam
blaTEM-177_1	beta-lactam
blaTEM-178_1	beta-lactam
blaTEM-182_1	beta-lactam
blaTEM-183_1	beta-lactam
blaTEM-184_1	beta-lactam
blaTEM-185_1	beta-lactam
blaTEM-186_1	beta-lactam
blaTEM-187_1	beta-lactam
blaTEM-188_1	beta-lactam
blaTEM-189_1	beta-lactam
blaTEM-190_1	beta-lactam
blaTEM-193_1	beta-lactam
blaTEM-194_1	beta-lactam
blaTEM-195_1	beta-lactam
blaTEM-197_1	beta-lactam
blaTEM-198_1	beta-lactam
blaTEM-201_1	beta-lactam
blaTEM-205_1	beta-lactam
blaTEM-206_1	beta-lactam
blaTEM-207_1	beta-lactam
blaTEM-208_1	beta-lactam
blaTEM-209_1	beta-lactam
blaTEM-211_1	beta-lactam
blaVEB-1_1	beta-lactam
blaVEB-1_3	beta-lactam
blaVEB-1_4	beta-lactam
blaVEB-2_1	beta-lactam
blaVEB-3_1	beta-lactam
blaVEB-4_1	beta-lactam
blaVEB-5_1	beta-lactam
blaVEB-6_1	beta-lactam
blaVEB-7_1	beta-lactam
blaVEB-8_1	beta-lactam
ampH_1	beta-lactam
ampH_2	beta-lactam
blaSMB-1_1	beta-lactam
POM-1_1	beta-lactam
blaCFE-1_1	beta-lactam
blaLAT-1_1	beta-lactam
blaNPS_1	beta-lactam
blaLCR-1_1	beta-lactam
blaNMC-A_1	beta-lactam
blaFAR-1_1	beta-lactam
blaKHM-1_1	beta-lactam
blaCEPH-A3_1	beta-lactam
blaSIM-1_1	beta-lactam
blaGIM-1_1	beta-lactam
blaSPM-1_1	beta-lactam
blaBES-1_1	beta-lactam
blaSFO-1_1	beta-lactam
blaTLA-1_1	beta-lactam
hugA_1	beta-lactam
blaDIM-1_1	beta-lactam
blaAER-1_1	beta-lactam
blaBIC-1_1	beta-lactam
blaERP-1_1	beta-lactam
blaPME-1_1	beta-lactam
blaJOHN-1_1	beta-lactam
blaMUS-1_1	beta-lactam
blaCGB-1_1	beta-lactam
blaEBR-1_1	beta-lactam
blaTUS-1_1	beta-lactam
blaACI-1_1	beta-lactam
blaAST-1_1	beta-lactam
blaCKO-1_1	beta-lactam
blaCME-1_1	beta-lactam
blaDES-1_1	beta-lactam
blaLUT-1_1	beta-lactam
blaSED1_1	beta-lactam
penA_1	beta-lactam
imiH_1	beta-lactam
imiS_1	beta-lactam
blaBIL-1_1	beta-lactam
blaCMG_1	beta-lactam
blaTRU_1	beta-lactam
blaZEG-1_1	beta-lactam
ampS_1	beta-lactam
blaADC-25_1	beta-lactam
blaA_1	beta-lactam
blaA_2	beta-lactam
blaB-2_1	beta-lactam
blaB-3_1	beta-lactam
blaB-3_2	beta-lactam
blaB-5_1	beta-lactam
blaB-6_1	beta-lactam
blaB-7_1	beta-lactam
blaB-8_1	beta-lactam
blaB-9_1	beta-lactam
blaB-10_1	beta-lactam
blaB-11_1	beta-lactam
blaB-12_1	beta-lactam
blaB-13_1	beta-lactam
blaB-14_1	beta-lactam
blaL1_3	beta-lactam
blaZ_1	beta-lactam
blaZ_2	beta-lactam
blaZ_3	beta-lactam
blaZ_4	beta-lactam
blaZ_5	beta-lactam
blaZ_6	beta-lactam
blaZ_7	beta-lactam
blaZ_8	beta-lactam
blaZ_9	beta-lactam
blaZ_10	beta-lactam
blaZ_12	beta-lactam
blaZ_11	beta-lactam
cfiA1_1	beta-lactam
cfiA2_1	beta-lactam
cfiA3_1	beta-lactam
cfiA4_1	beta-lactam
cfiA6_1	beta-lactam
cfiA8_1	beta-lactam
cfiA9_1	beta-lactam
cfiA10_1	beta-lactam
cfiA13_1	beta-lactam
cfiA14_1	beta-lactam
cfxA_1	beta-lactam
cfxA2_1	beta-lactam
cfxA3_1	beta-lactam
cfxA4_1	beta-lactam
cfxA5_1	beta-lactam
cfxA6_1	beta-lactam
cphA1_2	beta-lactam
cphA1_1	beta-lactam
cphA1_3	beta-lactam
cphA1_4	beta-lactam
cphA1_7	beta-lactam
cphA2_6	beta-lactam
cphA4_1	beta-lactam
cphA5_1	beta-lactam
cphA6_1	beta-lactam
cphA7_1	beta-lactam
cphA8_1	beta-lactam
blaIMP-1_1	beta-lactam
blaIMP-2_1	beta-lactam
blaIMP-3_1	beta-lactam
blaIMP-4_1	beta-lactam
blaIMP-4_2	beta-lactam
blaIMP-5_1	beta-lactam
blaIMP-7_1	beta-lactam
blaIMP-8_1	beta-lactam
blaIMP-11_1	beta-lactam
blaIMP-12_1	beta-lactam
blaIMP-14_1	beta-lactam
blaIMP-15_1	beta-lactam
blaIMP-16_1	beta-lactam
blaIMP-18_1	beta-lactam
blaIMP-19_1	beta-lactam
blaIMP-20_1	beta-lactam
blaIMP-22_2	beta-lactam
blaIMP-24_1	beta-lactam
blaIMP-26_1	beta-lactam
blaIMP-27_1	beta-lactam
blaIMP-28_1	beta-lactam
blaIMP-29_1	beta-lactam
blaIMP-31_1	beta-lactam
blaIMP-32_1	beta-lactam
blaIMP-33_1	beta-lactam
blaIMP-34_1	beta-lactam
blaIMP-35_1	beta-lactam
blaIMP-37_1	beta-lactam
blaIMP-38_1	beta-lactam
blaIMP-40_1	beta-lactam
blaIMP-41_1	beta-lactam
blaIMP-42_1	beta-lactam
blaIMP-43_1	beta-lactam
blaIMP-44_1	beta-lactam
blaVIM-1_1	beta-lactam
blaVIM-2_1	beta-lactam
blaVIM-3_1	beta-lactam
blaVIM-4_1	beta-lactam
blaVIM-5_1	beta-lactam
blaVIM-6_1	beta-lactam
blaVIM-7_1	beta-lactam
blaVIM-8_1	beta-lactam
blaVIM-9_1	beta-lactam
blaVIM-10_1	beta-lactam
blaVIM-11_1	beta-lactam
blaVIM-12_1	beta-lactam
blaVIM-13_1	beta-lactam
blaVIM-14_1	beta-lactam
blaVIM-15_1	beta-lactam
blaVIM-16_1	beta-lactam
blaVIM-17_1	beta-lactam
blaVIM-18_1	beta-lactam
blaVIM-19_1	beta-lactam
blaVIM-20_1	beta-lactam
blaVIM-23_1	beta-lactam
blaVIM-24_1	beta-lactam
blaVIM-25_1	beta-lactam
blaVIM-26_1	beta-lactam
blaVIM-27_1	beta-lactam
blaVIM-28_1	beta-lactam
blaVIM-29_1	beta-lactam
blaVIM-30_1	beta-lactam
blaVIM-31_1	beta-lactam
blaVIM-32_1	beta-lactam
blaVIM-33_1	beta-lactam
blaVIM-34_1	beta-lactam
blaVIM-35_1	beta-lactam
blaVIM-36_1	beta-lactam
blaVIM-37_1	beta-lactam
blaVIM-38_1	beta-lactam
blaNDM-1_1	beta-lactam
blaNDM-2_1	beta-lactam
blaNDM-3_1	beta-lactam
blaNDM-4_1	beta-lactam
blaNDM-5_1	beta-lactam
blaNDM-6_1	beta-lactam
blaNDM-7_1	beta-lactam
blaNDM-8_1	beta-lactam
blaNDM-9_1	beta-lactam
blaNDM-10_1	beta-lactam
blaNDM-12_1	beta-lactam
blaNDM-13_1	beta-lactam
blaGES-1_1	beta-lactam
blaGES-2_1	beta-lactam
blaGES-3_1	beta-lactam
blaGES-4_1	beta-lactam
blaGES-5_1	beta-lactam
blaGES-6_1	beta-lactam
blaGES-7_1	beta-lactam
blaGES-8_1	beta-lactam
blaGES-9_1	beta-lactam
blaGES-10_1	beta-lactam
blaGES-11_1	beta-lactam
blaGES-12_1	beta-lactam
blaGES-13_1	beta-lactam
blaGES-14_1	beta-lactam
blaGES-15_1	beta-lactam
blaGES-16_1	beta-lactam
blaGES-17_1	beta-lactam
blaGES-18_1	beta-lactam
blaGES-19_1	beta-lactam
blaGES-20_1	beta-lactam
blaGES-21_1	beta-lactam
blaGES-22_1	beta-lactam
blaGES-23_1	beta-lactam
blaIMI-1_1	beta-lactam
blaIMI-2_1	beta-lactam
blaIMI-3_1	beta-lactam
blaSFC-1_1	beta-lactam
blaSME-1_1	beta-lactam
blaSME-2_1	beta-lactam
blaSME-3_1	beta-lactam
blaFRI-1_1	beta-lactam
blaBRO-1_1	beta-lactam
blaBRO-2_1	beta-lactam
blaBKC-1_1	beta-lactam
blaIMI-5_1	beta-lactam
blaOXA-297_1	beta-lactam
blaOXA-296_1	beta-lactam
blaOXA-295_1	beta-lactam
blaOXA-294_1	beta-lactam
blaOXA-292_1	beta-lactam
blaOXA-291_1	beta-lactam
blaOXA-288_1	beta-lactam
blaOXA-286_1	beta-lactam
blaOXA-279_1	beta-lactam
blaOXA-275_1	beta-lactam
blaOXA-274_1	beta-lactam
blaOXA-266_1	beta-lactam
blaOXA-185_1	beta-lactam
blaOXA-184_1	beta-lactam
blaOXA-159_1	beta-lactam
blaOXA-158_1	beta-lactam
blaOXA-157_1	beta-lactam
blaOXA-156_1	beta-lactam
blaOXA-155_1	beta-lactam
blaOXA-154_1	beta-lactam
blaOXA-153_1	beta-lactam
blaOXA-151_1	beta-lactam
blaOXA-152_1	beta-lactam
mecA_1	beta-lactam
mecA2_1	beta-lactam
mecA_2	beta-lactam
mecA_3	beta-lactam
mecC2_1	beta-lactam
mecA1_1	beta-lactam
mecA_4	beta-lactam
mecC_1	beta-lactam
mecA1_2	beta-lactam
mecA_5	beta-lactam
mecA2_2	beta-lactam
mecA1_3	beta-lactam
mecB_1	beta-lactam
mecA_6	beta-lactam
mecA_7	beta-lactam
mecA1_4	beta-lactam
mecA_8	beta-lactam
mecA1_5	beta-lactam
mecA_9	beta-lactam
mecC_2	beta-lactam
mecD_1	beta-lactam
mecC_3	beta-lactam
mecC_4	beta-lactam
blaOXA-545_1	beta-lactam
blaOXA-546_1	beta-lactam
blaOXA-547_1	beta-lactam
blaOXA-548_1	beta-lactam
blaOXA-549_1	beta-lactam
blaOXA-550_1	beta-lactam
blaOXA-551_1	beta-lactam
blaOXA-552_1	beta-lactam
blaOXA-553_1	beta-lactam
blaOXA-554_1	beta-lactam
blaOXA-555_1	beta-lactam
blaOXA-556_1	beta-lactam
blaOXA-557_1	beta-lactam
blaOXA-558_1	beta-lactam
blaOXA-559_1	beta-lactam
blaOXA-560_1	beta-lactam
blaOXA-561_1	beta-lactam
blaOXA-562_1	beta-lactam
blaOXA-563_1	beta-lactam
blaOXA-564_1	beta-lactam
blaOXA-565_1	beta-lactam
blaOXA-566_1	beta-lactam
blaOXA-312_1	beta-lactam
blaOXA-313_1	beta-lactam
blaOXA-314_1	beta-lactam
blaOXA-315_1	beta-lactam
blaOXA-316_1	beta-lactam
blaOXA-317_1	beta-lactam
blaOXA-300_1	beta-lactam
blaOXA-301_1	beta-lactam
blaOXA-304_1	beta-lactam
blaOXA-305_1	beta-lactam
blaOXA-280_1	beta-lactam
blaOXA-281_1	beta-lactam
blaOXA-282_1	beta-lactam
blaOXA-283_1	beta-lactam
blaOXA-284_1	beta-lactam
blaOXA-285_1	beta-lactam
blaOXA-276_1	beta-lactam
blaOXA-277_1	beta-lactam
blaOXA-267_1	beta-lactam
blaOXA-268_1	beta-lactam
blaOXA-269_1	beta-lactam
blaOXA-270_1	beta-lactam
blaOXA-271_1	beta-lactam
blaOXA-272_1	beta-lactam
blaOXA-273_1	beta-lactam
blaOXA-246_1	beta-lactam
blaOXA-252_1	beta-lactam
blaOXA-259_1	beta-lactam
blaOXA-260_1	beta-lactam
blaOXA-261_1	beta-lactam
blaOXA-262_1	beta-lactam
blaOXA-263_1	beta-lactam
blaOXA-264_1	beta-lactam
blaOXA-265_1	beta-lactam
blaOXA-193_1	beta-lactam
blaOXA-102_1	beta-lactam
blaOXA-103_1	beta-lactam
blaZ_13	beta-lactam
blaZ_14	beta-lactam
blaZ_15	beta-lactam
blaZ_16	beta-lactam
blaZ_17	beta-lactam
blaZ_18	beta-lactam
blaZ_19	beta-lactam
blaZ_20	beta-lactam
blaZ_21	beta-lactam
blaZ_22	beta-lactam
blaZ_23	beta-lactam
blaZ_24	beta-lactam
blaZ_25	beta-lactam
blaZ_26	beta-lactam
blaZ_27	beta-lactam
blaZ_28	beta-lactam
blaZ_29	beta-lactam
blaZ_30	beta-lactam
blaZ_31	beta-lactam
blaZ_32	beta-lactam
blaZ_33	beta-lactam
blaZ_34	beta-lactam
blaZ_35	beta-lactam
blaZ_36	beta-lactam
blaZ_37	beta-lactam
blaZ_38	beta-lactam
blaZ_39	beta-lactam
blaZ_40	beta-lactam
blaZ_42	beta-lactam
blaZ_43	beta-lactam
blaZ_44	beta-lactam
blaZ_45	beta-lactam
blaZ_46	beta-lactam
blaZ_47	beta-lactam
blaZ_48	beta-lactam
blaZ_49	beta-lactam
blaZ_50	beta-lactam
blaZ_51	beta-lactam
blaZ_52	beta-lactam
blaZ_53	beta-lactam
blaZ_54	beta-lactam
blaZ_55	beta-lactam
blaZ_56	beta-lactam
blaZ_57	beta-lactam
blaZ_58	beta-lactam
blaZ_59	beta-lactam
blaZ_60	beta-lactam
blaZ_61	beta-lactam
blaZ_62	beta-lactam
blaZ_63	beta-lactam
blaZ_64	beta-lactam
blaZ_65	beta-lactam
blaZ_66	beta-lactam
blaZ_67	beta-lactam
blaZ_68	beta-lactam
blaZ_69	beta-lactam
blaZ_70	beta-lactam
blaZ_71	beta-lactam
blaZ_72	beta-lactam
blaZ_73	beta-lactam
blaZ_74	beta-lactam
blaZ_75	beta-lactam
blaZ_76	beta-lactam
blaZ_77	beta-lactam
blaZ_78	beta-lactam
blaZ_79	beta-lactam
blaZ_80	beta-lactam
blaZ_81	beta-lactam
blaZ_82	beta-lactam
blaZ_83	beta-lactam
blaZ_84	beta-lactam
blaZ_85	beta-lactam
blaZ_87	beta-lactam
blaZ_88	beta-lactam
blaZ_89	beta-lactam
blaZ_90	beta-lactam
blaZ_91	beta-lactam
blaZ_92	beta-lactam
blaZ_93	beta-lactam
blaZ_94	beta-lactam
blaZ_95	beta-lactam
blaZ_96	beta-lactam
blaZ_97	beta-lactam
blaZ_98	beta-lactam
blaZ_99	beta-lactam
blaZ_100	beta-lactam
blaZ_101	beta-lactam
blaZ_102	beta-lactam
blaZ_103	beta-lactam
blaZ_104	beta-lactam
blaZ_105	beta-lactam
blaZ_106	beta-lactam
blaZ_107	beta-lactam
blaZ_108	beta-lactam
blaZ_41	beta-lactam
blaZ_86	beta-lactam
blaZ_109	beta-lactam
blaZ_110	beta-lactam
blaZ_111	beta-lactam
blaZ_112	beta-lactam
blaZ_113	beta-lactam
blaZ_114	beta-lactam
blaZ_115	beta-lactam
blaZ_116	beta-lactam
blaZ_117	beta-lactam
blaZ_118	beta-lactam
blaZ_119	beta-lactam
blaZ_120	beta-lactam
blaZ_121	beta-lactam
blaZ_122	beta-lactam
blaZ_123	beta-lactam
blaZ_124	beta-lactam
blaZ_125	beta-lactam
blaZ_126	beta-lactam
blaZ_127	beta-lactam
blaZ_128	beta-lactam
blaZ_129	beta-lactam
blaZ_130	beta-lactam
blaZ_131	beta-lactam
blaZ_132	beta-lactam
blaZ_133	beta-lactam
blaZ_134	beta-lactam
blaZ_135	beta-lactam
blaZ_136	beta-lactam
blaZ_137	beta-lactam
blaZ_138	beta-lactam
blaVIM-46_1	beta-lactam
blaVIM-45_1	beta-lactam
blaVIM-44_1	beta-lactam
blaVIM-43_1	beta-lactam
blaVIM-42_1	beta-lactam
blaVIM-41_1	beta-lactam
blaVIM-40_1	beta-lactam
blaVIM-39_1	beta-lactam
blaVIM-54_1	beta-lactam
blaVIM-52_1	beta-lactam
blaVIM-51_1	beta-lactam
blaVIM-50_1	beta-lactam
blaVIM-49_1	beta-lactam
blaVIM-48_1	beta-lactam
blaVIM-47_1	beta-lactam
blaIMP-30_1	beta-lactam
blaIMP-23_1	beta-lactam
blaIMP-21_1	beta-lactam
blaIMP-17_1	beta-lactam
blaIMP-56_1	beta-lactam
blaIMP-55_1	beta-lactam
blaIMP-54_1	beta-lactam
blaIMP-53_1	beta-lactam
blaIMP-52_1	beta-lactam
blaIMP-51_1	beta-lactam
blaIMP-49_1	beta-lactam
blaIMP-48_1	beta-lactam
blaIMP-45_1	beta-lactam
blaIMP-67_1	beta-lactam
blaIMP-66_1	beta-lactam
blaIMP-63_1	beta-lactam
blaIMP-62_1	beta-lactam
blaIMP-61_1	beta-lactam
blaIMP-60_1	beta-lactam
blaIMP-59_1	beta-lactam
blaIMP-58_2	beta-lactam
blaIMP-70_1	beta-lactam
blaIMP-68_1	beta-lactam
blaIMP-6_1	beta-lactam
blaIMP-9_1	beta-lactam
blaIMP-10_1	beta-lactam
blaIMP-13_1	beta-lactam
blaIMP-25_1	beta-lactam
blaIMP-71_1	beta-lactam
blaIMP-73_1	beta-lactam
blaIMP-74_1	beta-lactam
blaIMP-75_1	beta-lactam
blaVIM-57_1	beta-lactam
blaVIM-56_1	beta-lactam
blaNDM-22_1	beta-lactam
blaNDM-23_1	beta-lactam
blaNDM-24_1	beta-lactam
blaKPC-13_1	beta-lactam
blaKPC-12_1	beta-lactam
blaKPC-22_1	beta-lactam
blaKPC-21_1	beta-lactam
blaKPC-19_1	beta-lactam
blaKPC-18_1	beta-lactam
blaKPC-17_1	beta-lactam
blaKPC-30_1	beta-lactam
blaKPC-29_1	beta-lactam
blaKPC-28_1	beta-lactam
blaKPC-27_1	beta-lactam
blaKPC-26_1	beta-lactam
blaKPC-25_1	beta-lactam
blaKPC-24_1	beta-lactam
blaKPC-23_1	beta-lactam
blaKPC-31_1	beta-lactam
blaKPC-32_1	beta-lactam
blaKPC-33_1	beta-lactam
blaKPC-34_1	beta-lactam
blaKPC-35_1	beta-lactam
blaCTX-M-148_1	beta-lactam
blaCTX-M-150_1	beta-lactam
blaCTX-M-151_1	beta-lactam
blaCTX-M-155_1	beta-lactam
blaCTX-M-156_1	beta-lactam
blaCTX-M-157_1	beta-lactam
blaCTX-M-158_1	beta-lactam
blaCTX-M-159_1	beta-lactam
blaCTX-M-160_1	beta-lactam
blaCTX-M-161_1	beta-lactam
blaCTX-M-162_1	beta-lactam
blaCTX-M-163_1	beta-lactam
blaCTX-M-164_1	beta-lactam
blaCTX-M-165_1	beta-lactam
blaCTX-M-166_1	beta-lactam
blaCTX-M-167_1	beta-lactam
blaCTX-M-168_1	beta-lactam
blaCTX-M-169_1	beta-lactam
blaCTX-M-170_1	beta-lactam
blaCTX-M-171_1	beta-lactam
blaCTX-M-172_1	beta-lactam
blaCTX-M-173_1	beta-lactam
blaCTX-M-174_1	beta-lactam
blaCTX-M-175_1	beta-lactam
blaCTX-M-176_1	beta-lactam
blaCTX-M-177_1	beta-lactam
blaCTX-M-179_1	beta-lactam
blaCTX-M-180_1	beta-lactam
blaCTX-M-181_1	beta-lactam
blaCTX-M-182_1	beta-lactam
blaCTX-M-183_1	beta-lactam
blaCTX-M-184_1	beta-lactam
blaCTX-M-186_1	beta-lactam
blaCTX-M-188_1	beta-lactam
blaCTX-M-189_1	beta-lactam
blaCTX-M-190_1	beta-lactam
blaCTX-M-191_1	beta-lactam
blaCTX-M-192_1	beta-lactam
blaCTX-M-193_1	beta-lactam
blaCTX-M-194_1	beta-lactam
blaCTX-M-195_1	beta-lactam
blaCTX-M-196_1	beta-lactam
blaCTX-M-197_1	beta-lactam
blaCTX-M-198_1	beta-lactam
blaCTX-M-199_1	beta-lactam
blaCTX-M-200_1	beta-lactam
blaCTX-M-201_1	beta-lactam
blaCTX-M-202_1	beta-lactam
blaCTX-M-203_1	beta-lactam
blaCTX-M-204_1	beta-lactam
blaCTX-M-206_1	beta-lactam
blaCTX-M-207_1	beta-lactam
blaCTX-M-208_1	beta-lactam
blaCTX-M-209_1	beta-lactam
blaCTX-M-210_1	beta-lactam
blaCTX-M-211_1	beta-lactam
blaCTX-M-212_1	beta-lactam
blaCTX-M-213_1	beta-lactam
blaCTX-M-214_1	beta-lactam
blaCTX-M-216_1	beta-lactam
blaCTX-M-217_1	beta-lactam
blaCTX-M-218_1	beta-lactam
blaCTX-M-219_1	beta-lactam
blaCTX-M-220_1	beta-lactam
blaCTX-M-7_1	beta-lactam
blaCTX-M-73_1	beta-lactam
blaCTX-M-122_1	beta-lactam
blaCTX-M-127_1	beta-lactam
blaCTX-M-137_1	beta-lactam
blaCTX-M-138_1	beta-lactam
blaCTX-M-141_1	beta-lactam
blaCTX-M-144_1	beta-lactam
blaCTX-M-146_1	beta-lactam
blaCTX-M-2_1	beta-lactam
blaCTX-M-5_1	beta-lactam
blaCTX-M-3_1	beta-lactam
blaCTX-M-79_1	beta-lactam
blaCTX-M-59_1	beta-lactam
blaCTX-M-63_2	beta-lactam
blaCTX-M-65_1	beta-lactam
blaCTX-M-55_1	beta-lactam
blaCTX-M-52_1	beta-lactam
blaCTX-M-37_1	beta-lactam
blaCTX-M-38_1	beta-lactam
blaCTX-M-22_1	beta-lactam
blaCTX-M-26_1	beta-lactam
blaCTX-M-27_1	beta-lactam
blaCTX-M-15_1	beta-lactam
blaCMY-156_1	beta-lactam
blaCMY-155_1	beta-lactam
blaCMY-154_1	beta-lactam
blaCMY-153_1	beta-lactam
blaCMY-152_1	beta-lactam
blaCMY-151_1	beta-lactam
blaCMY-150_1	beta-lactam
blaCMY-149_1	beta-lactam
blaCMY-148_1	beta-lactam
blaCMY-147_1	beta-lactam
blaCMY-146_1	beta-lactam
blaCMY-145_1	beta-lactam
blaCMY-144_1	beta-lactam
blaCMY-143_1	beta-lactam
blaCMY-142_1	beta-lactam
blaCMY-141_1	beta-lactam
blaCMY-140_1	beta-lactam
blaCMY-139_1	beta-lactam
blaCMY-138_1	beta-lactam
blaCMY-135_1	beta-lactam
blaCMY-134_1	beta-lactam
blaCMY-133_1	beta-lactam
blaCMY-132_1	beta-lactam
blaCMY-131_1	beta-lactam
blaCMY-130_1	beta-lactam
blaCMY-129_1	beta-lactam
blaCMY-128_1	beta-lactam
blaCMY-127_1	beta-lactam
blaCMY-125_1	beta-lactam
blaCMY-124_1	beta-lactam
blaCMY-122_1	beta-lactam
blaCMY-121_1	beta-lactam
blaCMY-119_1	beta-lactam
blaCMY-118_1	beta-lactam
blaCMY-117_1	beta-lactam
blaCMY-116_1	beta-lactam
blaCMY-115_1	beta-lactam
blaCMY-114_1	beta-lactam
blaCMY-113_1	beta-lactam
blaCMY-112_1	beta-lactam
blaCMY-111_1	beta-lactam
blaCMY-110_2	beta-lactam
blaCMY-109_1	beta-lactam
blaCMY-108_1	beta-lactam
blaCMY-107_1	beta-lactam
blaCMY-106_1	beta-lactam
blaCMY-105_1	beta-lactam
blaCMY-104_2	beta-lactam
blaCMY-103_1	beta-lactam
blaCMY-102_1	beta-lactam
blaCMY-101_1	beta-lactam
blaCMY-100_1	beta-lactam
blaCMY-97_1	beta-lactam
blaCMY-96_1	beta-lactam
blaCMY-93_1	beta-lactam
blaCMY-90_1	beta-lactam
blaCMY-89_1	beta-lactam
blaCMY-86_1	beta-lactam
blaCMY-85_1	beta-lactam
blaCMY-82_1	beta-lactam
blaCMY-59_1	beta-lactam
blaCMY-50_1	beta-lactam
blaCMY-43_1	beta-lactam
blaCMY-39_1	beta-lactam
blaCMY-31_1	beta-lactam
blaCMY-30_1	beta-lactam
blaCMY-16_1	beta-lactam
blaCMY-10_1	beta-lactam
blaCMY-11_1	beta-lactam
blaCMY-8b_1	beta-lactam
blaCMY-4_1	beta-lactam
blaCMY-2b_1	beta-lactam
blaDHA-27_1	beta-lactam
blaDHA-26_1	beta-lactam
blaDHA-25_1	beta-lactam
blaDHA-24_1	beta-lactam
blaDHA-23_1	beta-lactam
blaDHA-22_1	beta-lactam
blaDHA-21_1	beta-lactam
blaDHA-20_1	beta-lactam
blaDHA-19_1	beta-lactam
blaDHA-18_1	beta-lactam
blaDHA-17_1	beta-lactam
blaDHA-16_1	beta-lactam
blaDHA-15_1	beta-lactam
blaDHA-14_1	beta-lactam
blaDHA-13_1	beta-lactam
blaDHA-12_1	beta-lactam
blaDHA-10_1	beta-lactam
blaDHA-9_1	beta-lactam
blaDHA-4_1	beta-lactam
blaACC-7_1	beta-lactam
blaACC-5_1	beta-lactam
blaACC-4_2	beta-lactam
blaACC-4_3	beta-lactam
blaACC-1_2	beta-lactam
blaACC-1_1	beta-lactam
blaACC-1d_1	beta-lactam
blaACC-1c_1	beta-lactam
blaACC-1b_1	beta-lactam
blaACC-1a_1	beta-lactam
blaTEM-52_1	beta-lactam
blaTEM-40_1	beta-lactam
blaTEM-36_1	beta-lactam
blaTEM-35_1	beta-lactam
blaTEM-32_1	beta-lactam
blaTEM-26_1	beta-lactam
blaTEM-19_1	beta-lactam
blaTEM-9_1	beta-lactam
blaTEM-4_1	beta-lactam
blaTEM-169_1	beta-lactam
blaTEM-144_1	beta-lactam
blaTEM-129_1	beta-lactam
blaTEM-128_1	beta-lactam
blaTEM-181_1	beta-lactam
blaTEM-191_1	beta-lactam
blaTEM-196_1	beta-lactam
blaTEM-210_1	beta-lactam
blaTEM-212_1	beta-lactam
blaTEM-213_1	beta-lactam
blaTEM-214_1	beta-lactam
blaTEM-215_1	beta-lactam
blaTEM-216_1	beta-lactam
blaTEM-217_1	beta-lactam
blaTEM-219_1	beta-lactam
blaTEM-220_1	beta-lactam
blaTEM-224_1	beta-lactam
blaTEM-225_1	beta-lactam
blaTEM-226_1	beta-lactam
blaTEM-227_1	beta-lactam
blaTEM-229_1	beta-lactam
blaTEM-230_1	beta-lactam
blaTEM-231_1	beta-lactam
blaTEM-232_1	beta-lactam
blaTEM-233_1	beta-lactam
blaTEM-234_1	beta-lactam
blaSHV-1_1	beta-lactam
blaSHV-2_1	beta-lactam
blaSHV-3_1	beta-lactam
blaSHV-9_1	beta-lactam
blaSHV-11_1	beta-lactam
blaSHV-12_1	beta-lactam
blaSHV-32_1	beta-lactam
blaSHV-36_2	beta-lactam
blaSHV-38_1	beta-lactam
blaSHV-42_1	beta-lactam
blaSHV-71_1	beta-lactam
blaSHV-111_1	beta-lactam
blaSHV-119_1	beta-lactam
blaSHV-189_1	beta-lactam
blaSHV-188_1	beta-lactam
blaSHV-187_1	beta-lactam
blaSHV-186_1	beta-lactam
blaSHV-185_1	beta-lactam
blaSHV-183_1	beta-lactam
blaSHV-182_1	beta-lactam
blaSHV-180_1	beta-lactam
blaSHV-190_1	beta-lactam
blaSHV-191_1	beta-lactam
blaSHV-193_1	beta-lactam
blaSHV-194_1	beta-lactam
blaSHV-195_1	beta-lactam
blaSHV-196_1	beta-lactam
blaSHV-197_1	beta-lactam
blaSHV-198_1	beta-lactam
blaSHV-199_1	beta-lactam
blaSHV-200_1	beta-lactam
blaSHV-203_1	beta-lactam
blaSHV-204_1	beta-lactam
blaSHV-1b-b_1	beta-lactam
blaIMP-64_1	beta-lactam
blaOXA-20_2	beta-lactam
blaOXA-60d_1	beta-lactam
blaOXA-60c_1	beta-lactam
blaOXA-60b_1	beta-lactam
blaOXA-60a_1	beta-lactam
blaCARB-1_1	beta-lactam
blaCARB-2_1	beta-lactam
blaCARB-3_1	beta-lactam
blaCARB-4_1	beta-lactam
blaCARB-5_1	beta-lactam
blaCARB-6_1	beta-lactam
blaCARB-7_1	beta-lactam
blaCARB-8_1	beta-lactam
blaCARB-9_1	beta-lactam
blaCARB-10_1	beta-lactam
blaCARB-11_1	beta-lactam
blaCARB-12_1	beta-lactam
blaCARB-14_1	beta-lactam
blaCARB-16_1	beta-lactam
blaCARB-17_1	beta-lactam
blaCARB-18_1	beta-lactam
blaCARB-19_1	beta-lactam
blaCARB-20_1	beta-lactam
blaCARB-21_1	beta-lactam
blaCARB-22_1	beta-lactam
blaCARB-23_1	beta-lactam
blaCARB-24_1	beta-lactam
blaCARB-25_1	beta-lactam
blaCARB-26_1	beta-lactam
blaCARB-27_1	beta-lactam
blaCARB-28_1	beta-lactam
blaCARB-29_1	beta-lactam
blaCARB-30_1	beta-lactam
blaCARB-31_1	beta-lactam
blaCARB-32_1	beta-lactam
blaCARB-33_1	beta-lactam
blaCARB-34_1	beta-lactam
blaCARB-35_1	beta-lactam
blaCARB-36_1	beta-lactam
blaCARB-38_1	beta-lactam
blaCARB-40_1	beta-lactam
blaCARB-41_1	beta-lactam
blaCARB-42_1	beta-lactam
blaCARB-43_1	beta-lactam
blaCARB-44_1	beta-lactam
blaCARB-45_1	beta-lactam
blaCARB-46_1	beta-lactam
blaCARB-47_1	beta-lactam
blaCARB-48_1	beta-lactam
blaCARB-49_1	beta-lactam
blaCARB-50_1	beta-lactam
blaFRI-1_2	beta-lactam
blaFRI-2_1	beta-lactam
blaFRI-3_1	beta-lactam
blaFRI-4_1	beta-lactam
blaFRI-5_1	beta-lactam
blaLAP-1_1	beta-lactam
blaLAP-2_1	beta-lactam
mcr-1.1_1	colistin
mcr-1.2_1	colistin
mcr-1.3_1	colistin
mcr-1.4_1	colistin
mcr-1.5_1	colistin
mcr-1.6_1	colistin
mcr-1.7_1	colistin
mcr-1.8_1	colistin
mcr-1.9_1	colistin
mcr-1.10_1	colistin
mcr-1.11_1	colistin
mcr-1.12_1	colistin
mcr-1.13_1	colistin
mcr-1.14_1	colistin
mcr-2.1_1	colistin
mcr-2.2_1	colistin
mcr-3.1_1	colistin
mcr-3.2_1	colistin
mcr-3.3_1	colistin
mcr-3.4_1	colistin
mcr-3.5_1	colistin
mcr-3.6_1	colistin
mcr-3.7_1	colistin
mcr-3.8_1	colistin
mcr-3.9_1	colistin
mcr-3.10_1	colistin
mcr-3.11_1	colistin
mcr-3.12_1	colistin
mcr-3.13_1	colistin
mcr-3.14_1	colistin
mcr-3.15_1	colistin
mcr-3.16_1	colistin
mcr-3.17_1	colistin
mcr-3.18_1	colistin
mcr-3.19_1	colistin
mcr-3.20_1	colistin
mcr-3.21_1	colistin
mcr-3.22_1	colistin
mcr-3.23_1	colistin
mcr-3.24_1	colistin
mcr-3.25_1	colistin
mcr-4.1_1	colistin
mcr-4.2_1	colistin
mcr-4.3_1	colistin
mcr-4.6_1	colistin
mcr-4.4_1	colistin
mcr-4.5_1	colistin
mcr-5.1_1	colistin
mcr-5.2_1	colistin
mcr-6.1_1	colistin
mcr-7.1_1	colistin
mcr-8_1	colistin
mcr-9_1	colistin
fosB1_1	fosfomycin
fosX_1	fosfomycin
fos_1	fosfomycin
fosB3_1	fosfomycin
fosB2_1	fosfomycin
fosB_1	fosfomycin
fosB_2	fosfomycin
fosA5_1	fosfomycin
fosA4_1	fosfomycin
fosA3_1	fosfomycin
fosA2_1	fosfomycin
fosA_1	fosfomycin
fosX_2	fosfomycin
fosK_1	fosfomycin
fosX_3	fosfomycin
fosX_4	fosfomycin
fosG_1	fosfomycin
fosF_1	fosfomycin
fosE_1	fosfomycin
fosD_1	fosfomycin
fosC2_1	fosfomycin
fosC_1	fosfomycin
fosB_3	fosfomycin
fosB_4	fosfomycin
fosB_5	fosfomycin
fosA_3	fosfomycin
fosA_4	fosfomycin
fosA_5	fosfomycin
fomB_1	fosfomycin
fomA_1	fosfomycin
fos_2	fosfomycin
fosE_2	fosfomycin
fosA7_1	fosfomycin
fosB5_1	fosfomycin
fosB6_1	fosfomycin
fosB4_1	fosfomycin
fosA_7	fosfomycin
fosA_2	fosfomycin
fosA6_1	fosfomycin
fosA_6	fosfomycin
fusB_1	fusidicacid
fusB_2	fusidicacid
fusC_1	fusidicacid
VanHAX_1	glycopeptide
VanHAX_2	glycopeptide
VanHAX_PT_1	glycopeptide
VanHAX_PA_1	glycopeptide
VanHAX_PT_2	glycopeptide
VanH_bc_1	glycopeptide
VanA_bc_1	glycopeptide
VanX_bc_1	glycopeptide
dldHA2X_1	glycopeptide
VanHBX_1	glycopeptide
VanHBX_2	glycopeptide
VanC1XY_1	glycopeptide
VanXY_C2_1	glycopeptide
VanC2_1	glycopeptide
VanC3XY_1	glycopeptide
VanC1XY_2	glycopeptide
VanC2XY_1	glycopeptide
VanC4XY_1	glycopeptide
VanC4XY_2	glycopeptide
VanC2XY_2	glycopeptide
VanC4XY_3	glycopeptide
VanC2XY_3	glycopeptide
VanC2XY_4	glycopeptide
VanC3XY_2	glycopeptide
VanC2XY_5	glycopeptide
VanHDX_6	glycopeptide
VanHDX_7	glycopeptide
VanHDX_3	glycopeptide
VanHDX_4	glycopeptide
VanHDX_5	glycopeptide
VanHDX_1	glycopeptide
VanHDX_2	glycopeptide
VanHFX_1	glycopeptide
VanE_1	glycopeptide
VanEXY_1	glycopeptide
VanGXY_1	glycopeptide
VanG2XY_1	glycopeptide
VanLXY_1	glycopeptide
VanHMX_1	glycopeptide
VanNXY_1	glycopeptide
VanHOX_1	glycopeptide
vanXmurFvanWI_1	glycopeptide
vanXmurFvanKWI_1	glycopeptide
vanXmurFvanKWI_2	glycopeptide
ere(A)_6	macrolide
ere(D)_1	macrolide
erm(A)_1	macrolide
erm(A)_2	macrolide
erm(A)_3	macrolide
erm(B)_1	macrolide
erm(B)_2	macrolide
erm(B)_6	macrolide
erm(B)_7	macrolide
erm(B)_9	macrolide
erm(B)_10	macrolide
erm(B)_11	macrolide
erm(B)_12	macrolide
erm(B)_15	macrolide
erm(B)_18	macrolide
erm(B)_20	macrolide
erm(B)_21	macrolide
erm(C)_1	macrolide
erm(C)_2	macrolide
erm(C)_3	macrolide
erm(C)_9	macrolide
erm(C)_10	macrolide
erm(C)_12	macrolide
erm(C)_13	macrolide
erm(C)_14	macrolide
erm(C)_15	macrolide
erm(C)_16	macrolide
erm(D)_1	macrolide
erm(D)_2	macrolide
erm(D)_3	macrolide
erm(E)_1	macrolide
erm(E)_2	macrolide
erm(F)_3	macrolide
erm(F)_4	macrolide
erm(G)_1	macrolide
erm(G)_2	macrolide
erm(H)_1	macrolide
erm(N)_1	macrolide
erm(O)_1	macrolide
erm(O)_2	macrolide
erm(Q)_1	macrolide
erm(S)_1	macrolide
erm(T)_1	macrolide
erm(T)_2	macrolide
erm(T)_3	macrolide
erm(T)_4	macrolide
erm(V)_1	macrolide
erm(X)_1	macrolide
erm(X)_2	macrolide
erm(X)_3	macrolide
erm(X)_4	macrolide
erm(Y)_1	macrolide
erm(Z)_1	macrolide
erm(30)_1	macrolide
erm(31)_1	macrolide
erm(32)_1	macrolide
erm(34)_1	macrolide
erm(35)_1	macrolide
erm(36)_1	macrolide
erm(38)_1	macrolide
erm(39)_1	macrolide
erm(40)_1	macrolide
erm(41)_1	macrolide
erm(42)_1	macrolide
erm(42)_2	macrolide
mef(A)_3	macrolide
mef(A)_4	macrolide
mef(B)_1	macrolide
msr(A)_1	macrolide
msr(A)_2	macrolide
msr(C)_1	macrolide
msr(C)_2	macrolide
msr(D)_2	macrolide
msr(D)_3	macrolide
msr(E)_1	macrolide
car(A)_1	macrolide
lmr(A)_1	macrolide
ole(B)_1	macrolide
ole(C)_1	macrolide
srm(B)_1	macrolide
tlr(C)_1	macrolide
lsa(B)_1	macrolide
lsa(C)_1	macrolide
vga(A)_1	macrolide
vga(A)_2	macrolide
vga(A)LC_3	macrolide
vga(A)LC_1	macrolide
vga(B)_1	macrolide
ere(A)_2	macrolide
ere(A)_3	macrolide
ere(A)_4	macrolide
ere(A)_1	macrolide
ere(B)_2	macrolide
vgb(A)_1	macrolide
vgb(B)_1	macrolide
lnu(A)_1	macrolide
lnu(B)_1	macrolide
lnu(C)_1	macrolide
lnu(D)_1	macrolide
lnu(F)_1	macrolide
lnu(F)_2	macrolide
lnu(F)_3	macrolide
vat(A)_1	macrolide
vat(B)_1	macrolide
vat(C)_1	macrolide
vat(D)_1	macrolide
vat(E)_3	macrolide
vat(E)_5	macrolide
vat(E)_7	macrolide
vat(E)_8	macrolide
vat(E)_9	macrolide
vat(E)_10	macrolide
vat(E)_11	macrolide
vat(F)_1	macrolide
mph(A)_1	macrolide
mph(A)_2	macrolide
mph(B)_1	macrolide
mph(C)_1	macrolide
mph(C)_2	macrolide
mph(C)_3	macrolide
mph(C)_4	macrolide
mph(C)_5	macrolide
mph(D)_1	macrolide
mph(E)_1	macrolide
mph(E)_2	macrolide
vga(D)_1	macrolide
vga(C)_1	macrolide
vga(E)_1	macrolide
lsa(A)_1	macrolide
lsa(A)_3	macrolide
erm(W)_1	macrolide
cfr_1	macrolide
cfr_2	macrolide
erm(48)_1	macrolide
mph(F)_1	macrolide
erm(46)_1	macrolide
erm(B)_22	macrolide
lnu(P)_1	macrolide
erm(43)_1	macrolide
mef(C)_1	macrolide
erm(47)_1	macrolide
erm(B)_26	macrolide
mph(G)_1	macrolide
lnu(G)_1	macrolide
mef(A)_1	macrolide
mef(A)_2	macrolide
vga(A)LC_2	macrolide
erm(44)v_1	macrolide
ere(B)_1	macrolide
erm(44)_1	macrolide
sal(A)_1	macrolide
erm(45)_1	macrolide
erm(33)_1	macrolide
ere(A)_5	macrolide
lnu(B)_2	macrolide
erm(R)_1	macrolide
erm(B)_23	macrolide
lnu(E)_1	macrolide
vat(H)_1	macrolide
erm(F)_1	macrolide
erm(37)_1	macrolide
vga(A)_3	macrolide
vga(A)V_1	macrolide
vga(A)LC_4	macrolide
tva(A)_1	macrolide
mph(N)_1	macrolide
mph(I)_1	macrolide
mph(J)_1	macrolide
mdf(A)_1	macrolide
mdt(A)_1	macrolide
mre(A)_1	macrolide
cmr_1	macrolide
erm(U)_1	macrolide
lsa(E)_1	macrolide
mph(K)_1	macrolide
nimA_1	nitroimidazole
nimB_1	nitroimidazole
nimC_1	nitroimidazole
nimD_1	nitroimidazole
nimE_1	nitroimidazole
nimE_2	nitroimidazole
nimF_1	nitroimidazole
nimH_1	nitroimidazole
nimI_1	nitroimidazole
nimI_2	nitroimidazole
nimI_3	nitroimidazole
nimI_4	nitroimidazole
nimI_5	nitroimidazole
nimJ_1	nitroimidazole
cfr_1	oxazolidinone
cfr_2	oxazolidinone
optrA_1	oxazolidinone
optrA_2	oxazolidinone
optrA_3	oxazolidinone
optrA_4	oxazolidinone
optrA_5	oxazolidinone
optrA_6	oxazolidinone
optrA_7	oxazolidinone
optrA_8	oxazolidinone
optrA_9	oxazolidinone
optrA_10	oxazolidinone
optrA_11	oxazolidinone
optrA_12	oxazolidinone
optrA_13	oxazolidinone
optrA_14	oxazolidinone
optrA_15	oxazolidinone
optrA_16	oxazolidinone
optrA_17	oxazolidinone
optrA_18	oxazolidinone
optrA_19	oxazolidinone
optrA_20	oxazolidinone
cfr(B)_3	oxazolidinone
poxtA_1	oxazolidinone
catB3_2	phenicol
catB_1	phenicol
catB1_1	phenicol
catB2_1	phenicol
catB3_1	phenicol
catB7_1	phenicol
catB8_1	phenicol
catB9_1	phenicol
catB10_1	phenicol
catA3_1	phenicol
cat_1	phenicol
cat_5	phenicol
cat86_1	phenicol
cat_2	phenicol
cat_3	phenicol
cat(pC221)_1	phenicol
cat(pC233)_1	phenicol
cat(pC194)_1	phenicol
catS_1	phenicol
catP_1	phenicol
cmlA1_1	phenicol
cmlA1_2	phenicol
cml_1	phenicol
cmlV_1	phenicol
floR_1	phenicol
floR_2	phenicol
fexA_1	phenicol
fexA_2	phenicol
pexA_1	phenicol
catA1_1	phenicol
catA2_1	phenicol
cat_4	phenicol
catQ_1	phenicol
cmrA_1	phenicol
cmx_1	phenicol
cfr_1	phenicol
cfr_2	phenicol
cfr(B)_3	phenicol
cfr(B)_1	phenicol
cfr(B)_2	phenicol
cfr(C)_1	phenicol
cfr(C)_2	phenicol
cmlB1_1	phenicol
fexB_1	phenicol
EstDL136_1	phenicol
qnrA1_1	quinolone
qnrA2_1	quinolone
qnrA3_1	quinolone
qnrA4_1	quinolone
qnrA5_1	quinolone
qnrA6_1	quinolone
qnrA7_1	quinolone
qnrA8_1	quinolone
qnrB1_1	quinolone
qnrB2_1	quinolone
qnrB3_1	quinolone
qnrB4_1	quinolone
qnrB5_1	quinolone
qnrB6_1	quinolone
qnrB6_2	quinolone
qnrB7_1	quinolone
qnrB8_1	quinolone
qnrB9_1	quinolone
qnrB10_1	quinolone
qnrB10_2	quinolone
qnrB11_1	quinolone
qnrB12_2	quinolone
qnrB13_1	quinolone
qnrB14_1	quinolone
qnrB15_1	quinolone
qnrB16_1	quinolone
qnrB17_1	quinolone
qnrB17_2	quinolone
qnrB18_1	quinolone
qnrB19_1	quinolone
qnrB20_1	quinolone
qnrB21_1	quinolone
qnrB22_1	quinolone
qnrB23_1	quinolone
qnrB24_1	quinolone
qnrB25_1	quinolone
qnrB26_1	quinolone
qnrB27_1	quinolone
qnrB28_1	quinolone
qnrB29_1	quinolone
qnrB30_1	quinolone
qnrB31_1	quinolone
qnrB32_1	quinolone
qnrB33_1	quinolone
qnrB34_1	quinolone
qnrB35_1	quinolone
qnrB36_1	quinolone
qnrB37_1	quinolone
qnrB38_1	quinolone
qnrB39_1	quinolone
qnrB40_1	quinolone
qnrB41_1	quinolone
qnrB42_1	quinolone
qnrB43_1	quinolone
qnrB44_1	quinolone
qnrB45_1	quinolone
qnrB46_1	quinolone
qnrB47_1	quinolone
qnrB48_1	quinolone
qnrB49_1	quinolone
qnrB50_1	quinolone
qnrB51_1	quinolone
qnrB52_1	quinolone
qnrB53_1	quinolone
qnrB54_1	quinolone
qnrB55_1	quinolone
qnrB56_1	quinolone
qnrB57_1	quinolone
qnrB58_1	quinolone
qnrB59_1	quinolone
qnrB60_1	quinolone
qnrB61_1	quinolone
qnrB62_1	quinolone
qnrB64_1	quinolone
qnrB65_1	quinolone
qnrB66_1	quinolone
qnrB67_1	quinolone
qnrB68_1	quinolone
qnrB69_1	quinolone
qnrB70_1	quinolone
qnrB71_1	quinolone
qnrB72_1	quinolone
qnrB73_1	quinolone
qnrB74_1	quinolone
qnrB75_1	quinolone
qnrB76_1	quinolone
qnrB77_1	quinolone
qnrB78_1	quinolone
qnrB80_1	quinolone
qnrB81_1	quinolone
qnrB82_1	quinolone
qnrVC1_1	quinolone
qnrVC3_1	quinolone
qnrVC4_1	quinolone
qnrVC5_1	quinolone
qnrVC6_1	quinolone
qnrVC7_1	quinolone
qnrC_1	quinolone
qnrD1_1	quinolone
qnrD2_1	quinolone
qnrD3_1	quinolone
qnrS1_1	quinolone
qnrS2_1	quinolone
qnrS3_1	quinolone
qnrS4_1	quinolone
qnrS5_1	quinolone
qnrS6_1	quinolone
qnrS7_1	quinolone
qnrS8_1	quinolone
qnrS9_1	quinolone
qnrS10_1	quinolone
qnrS11_1	quinolone
qnrS12_1	quinolone
qnrS13_1	quinolone
qepA_1	quinolone
qepA1_1	quinolone
qepA2_1	quinolone
qepA3_1	quinolone
qepA4_1	quinolone
aac(6')-Ib-cr_1	quinolone
aac(6')-Ib-cr_2	quinolone
oqxA_1	quinolone
oqxB_1	quinolone
qnrE1_1	quinolone
crpP_1	quinolone
ARR-2_1	rifampicin
ARR-3_1	rifampicin
ARR-3_4	rifampicin
ARR-4_1	rifampicin
ARR-5_1	rifampicin
ARR-6_1	rifampicin
ARR-6_2	rifampicin
ARR-6_3	rifampicin
ARR-7_1	rifampicin
sul1_2	sulphonamide
sul1_3	sulphonamide
sul1_5	sulphonamide
sul1_7	sulphonamide
sul1_8	sulphonamide
sul1_9	sulphonamide
sul1_10	sulphonamide
sul1_11	sulphonamide
sul1_14	sulphonamide
sul1_15	sulphonamide
sul1_17	sulphonamide
sul1_18	sulphonamide
sul1_19	sulphonamide
sul1_20	sulphonamide
sul1_21	sulphonamide
sul1_22	sulphonamide
sul1_23	sulphonamide
sul1_24	sulphonamide
sul1_25	sulphonamide
sul1_26	sulphonamide
sul1_27	sulphonamide
sul1_28	sulphonamide
sul1_29	sulphonamide
sul1_30	sulphonamide
sul1_31	sulphonamide
sul1_32	sulphonamide
sul1_33	sulphonamide
sul2_1	sulphonamide
sul2_2	sulphonamide
sul2_3	sulphonamide
sul2_5	sulphonamide
sul2_6	sulphonamide
sul2_7	sulphonamide
sul2_8	sulphonamide
sul2_9	sulphonamide
sul2_10	sulphonamide
sul2_11	sulphonamide
sul2_12	sulphonamide
sul2_13	sulphonamide
sul2_14	sulphonamide
sul2_15	sulphonamide
sul2_17	sulphonamide
sul2_18	sulphonamide
sul2_19	sulphonamide
sul2_20	sulphonamide
sul2_21	sulphonamide
sul3_2	sulphonamide
sul1_34	sulphonamide
sul1_35	sulphonamide
sul1_38	sulphonamide
sul1_39	sulphonamide
sul1_36	sulphonamide
sul1_37	sulphonamide
sul4_1	sulphonamide
tet_1	tetracycline
tet(47)_1	tetracycline
tet(48)_1	tetracycline
tet(49)_1	tetracycline
tet(50)_1	tetracycline
tet(51)_1	tetracycline
tet(52)_1	tetracycline
tet(53)_1	tetracycline
tet(54)_1	tetracycline
tet(55)_1	tetracycline
tet(O/32/O)_4	tetracycline
otr(B)_1	tetracycline
tet(39)_1	tetracycline
tet(33)_1	tetracycline
tet(33)_2	tetracycline
tet(32)_1	tetracycline
tet(32)_2	tetracycline
tet(31)_1	tetracycline
tet(31)_2	tetracycline
tet(44)_1	tetracycline
tet(44)_2	tetracycline
tet(40)_1	tetracycline
tet(40)_2	tetracycline
tet(37)_1	tetracycline
tet(34)_1	tetracycline
otr(A)_1	tetracycline
tet(36)_1	tetracycline
tet(T)_1	tetracycline
tet(T)_2	tetracycline
tet(41)_1	tetracycline
tet(42)_1	tetracycline
tet(43)_1	tetracycline
tet(45)_1	tetracycline
tetA(46)_1	tetracycline
tetB(46)_1	tetracycline
tet(57)_1	tetracycline
tet(59)_1	tetracycline
tetA(60)_1	tetracycline
tetB(60)_1	tetracycline
otr(C)_1	tetracycline
tcr3_1	tetracycline
tet(30)_1	tetracycline
tet(35)_1	tetracycline
tet(A)_1	tetracycline
tet(A)_2	tetracycline
tet(A)_3	tetracycline
tet(A)_4	tetracycline
tet(A)_5	tetracycline
tet(A)_6	tetracycline
tet(G)_1	tetracycline
tet(G)_2	tetracycline
tet(G)_3	tetracycline
tet(E)_1	tetracycline
tet(E)_2	tetracycline
tet(E)_3	tetracycline
tet(D)_1	tetracycline
tet(D)_2	tetracycline
tet(C)_1	tetracycline
tet(C)_2	tetracycline
tet(C)_3	tetracycline
tet(B)_1	tetracycline
tet(B)_2	tetracycline
tet(B)_3	tetracycline
tet(H)_1	tetracycline
tet(H)_2	tetracycline
tet(H)_3	tetracycline
tet(H)_4	tetracycline
tet(O)_1	tetracycline
tet(O)_2	tetracycline
tet(O)_3	tetracycline
tet(M)_1	tetracycline
tet(M)_2	tetracycline
tet(M)_3	tetracycline
tet(M)_4	tetracycline
tet(M)_5	tetracycline
tet(M)_6	tetracycline
tet(M)_7	tetracycline
tet(M)_8	tetracycline
tet(M)_9	tetracycline
tet(M)_10	tetracycline
tet(M)_11	tetracycline
tet(M)_12	tetracycline
tet(M)_13	tetracycline
tet(L)_1	tetracycline
tet(L)_2	tetracycline
tet(L)_3	tetracycline
tet(L)_4	tetracycline
tet(L)_5	tetracycline
tet(L)_6	tetracycline
tet(L)_7	tetracycline
tet(L)_8	tetracycline
tet(K)_1	tetracycline
tet(K)_2	tetracycline
tet(J)_1	tetracycline
tet(J)_2	tetracycline
tet(S)_1	tetracycline
tet(S)_2	tetracycline
tet(S)_3	tetracycline
tet(S/M)_2	tetracycline
tet(Q)_1	tetracycline
tet(Q)_2	tetracycline
tet(Q)_3	tetracycline
tet(Q)_4	tetracycline
tetA(P)_1	tetracycline
tetA(P)_2	tetracycline
tetA(P)_3	tetracycline
tet(Z)_1	tetracycline
tet(Y)_1	tetracycline
tet(Y)_2	tetracycline
tet(X)_1	tetracycline
tet(X)_2	tetracycline
tet(X)_3	tetracycline
tet(W)_1	tetracycline
tet(W)_2	tetracycline
tet(W)_3	tetracycline
tet(W)_4	tetracycline
tet(W)_5	tetracycline
tet(V)_1	tetracycline
tetB(P)_1	tetracycline
tet(O/W)_1	tetracycline
tet(O/W)_2	tetracycline
tet(O/W)_3	tetracycline
tet(O/W)_4	tetracycline
tet(O/W)_5	tetracycline
tet(O/W)-2_1	tetracycline
tet(O/W)-1_1	tetracycline
tet(O/W/O)-3_1	tetracycline
tet(O/W/O)-2_1	tetracycline
tet(O/W/O)-1_1	tetracycline
tet(O/W/32/O)_1	tetracycline
tet(O/W/32/O)_2	tetracycline
tet(O/W/32/O)_5	tetracycline
tet(O/W/32/O/W/O)_1	tetracycline
tet(O/W/32/O/W/O)_2	tetracycline
tet(O/32/O)_1	tetracycline
tet(O/32/O)_2	tetracycline
tet(O/32/O)_3	tetracycline
tet(O/32/O)_5	tetracycline
tet(S/M)_1	tetracycline
tet(W/32/O)_1	tetracycline
tet(W/32/O)_2	tetracycline
tet(W/32/O)_3	tetracycline
tet(W/32/O)_4	tetracycline
tet(X3)_1	tetracycline
tet(X4)_1	tetracycline
tet(X5)_1	tetracycline
dfrA19_1	trimethoprim
dfrA27_1	trimethoprim
dfrA31_1	trimethoprim
dfrA30_1	trimethoprim
dfrK_1	trimethoprim
dfrA23_1	trimethoprim
dfrA17_1	trimethoprim
dfrB2_1	trimethoprim
dfrA14_5	trimethoprim
dfrA25_1	trimethoprim
dfrA10_1	trimethoprim
dfrK_2	trimethoprim
dfrB1_1	trimethoprim
dfrK_3	trimethoprim
dfrB4_1	trimethoprim
dfrB3_2	trimethoprim
dfrA28_2	trimethoprim
dfrA21_1	trimethoprim
dfrA26_1	trimethoprim
dfrA15_4	trimethoprim
dfrA13_1	trimethoprim
dfrG_1	trimethoprim
dfrA6_1	trimethoprim
dfrA20_1	trimethoprim
dfrA3_1	trimethoprim
dfrA5_1	trimethoprim
dfrA8_1	trimethoprim
dfrA9_1	trimethoprim
dfrA14_2	trimethoprim
dfrA16_1	trimethoprim
dfrA18_1	trimethoprim
dfrA24_1	trimethoprim
dfrA32_1	trimethoprim
dfrA33_1	trimethoprim
dfrB3_1	trimethoprim
dfrB5_1	trimethoprim
dfrB6_1	trimethoprim
dfrB7_1	trimethoprim
dfrB8_1	trimethoprim
dfrA1_1	trimethoprim
dfrA1_2	trimethoprim
dfrA1_3	trimethoprim
dfrA1_4	trimethoprim
dfrA1_5	trimethoprim
dfrA1_6	trimethoprim
dfrA1_7	trimethoprim
dfrA1_8	trimethoprim
dfrA1_9	trimethoprim
dfrA1_10	trimethoprim
dfrA1_11	trimethoprim
dfrA1_12	trimethoprim
dfrA1_13	trimethoprim
dfrA1_14	trimethoprim
dfrA1_15	trimethoprim
dfrA1_16	trimethoprim
dfrA1_17	trimethoprim
dfrA12_1	trimethoprim
dfrA12_2	trimethoprim
dfrA12_3	trimethoprim
dfrA12_4	trimethoprim
dfrA12_5	trimethoprim
dfrA12_6	trimethoprim
dfrA12_7	trimethoprim
dfrA12_8	trimethoprim
dfrA12_9	trimethoprim
dfrA12_10	trimethoprim
dfrA14_1	trimethoprim
dfrA14_3	trimethoprim
dfrA14_4	trimethoprim
dfrA15_1	trimethoprim
dfrA15_2	trimethoprim
dfrA15_3	trimethoprim
dfrA16_2	trimethoprim
dfrA16_3	trimethoprim
dfrA16_4	trimethoprim
dfrA22_1	trimethoprim
dfrA22_2	trimethoprim
dfrA22_3	trimethoprim
dfrA22_4	trimethoprim
dfrA22_5	trimethoprim
dfrA29_1	trimethoprim
dfrA5_3	trimethoprim
dfrA5_2	trimethoprim
dfrA5_4	trimethoprim
dfrA6_2	trimethoprim
dfrA7_1	trimethoprim
dfrA7_2	trimethoprim
dfrA7_3	trimethoprim
dfrA7_4	trimethoprim
dfrA7_5	trimethoprim
dfrB1_2	trimethoprim
dfrB2_2	trimethoprim
dfrB4_2	trimethoprim
dfrB4_3	trimethoprim
dfrD_1	trimethoprim
dfrA17_11	trimethoprim
dfrA17_2	trimethoprim
dfrA17_3	trimethoprim
dfrA17_4	trimethoprim
dfrA17_5	trimethoprim
dfrA17_6	trimethoprim
dfrA17_7	trimethoprim
dfrA17_8	trimethoprim
dfrA17_9	trimethoprim
dfrA17_10	trimethoprim
dfrA34_1	trimethoprim
